-- phpMyAdmin SQL Dump
-- version 4.9.0.1
-- https://www.phpmyadmin.net/
--
-- Host: 127.0.0.1
-- Waktu pembuatan: 15 Sep 2019 pada 11.42
-- Versi server: 10.3.16-MariaDB
-- Versi PHP: 7.3.6

SET SQL_MODE = "NO_AUTO_VALUE_ON_ZERO";
SET AUTOCOMMIT = 0;
START TRANSACTION;
SET time_zone = "+00:00";


/*!40101 SET @OLD_CHARACTER_SET_CLIENT=@@CHARACTER_SET_CLIENT */;
/*!40101 SET @OLD_CHARACTER_SET_RESULTS=@@CHARACTER_SET_RESULTS */;
/*!40101 SET @OLD_COLLATION_CONNECTION=@@COLLATION_CONNECTION */;
/*!40101 SET NAMES utf8mb4 */;

--
-- Database: `laravel-crud`
--

-- --------------------------------------------------------

--
-- Struktur dari tabel `guru`
--

CREATE TABLE `guru` (
  `id` int(11) NOT NULL,
  `nama` varchar(100) NOT NULL,
  `telpon` varchar(15) NOT NULL,
  `alamat` text NOT NULL,
  `created_at` timestamp NOT NULL DEFAULT current_timestamp(),
  `updated_at` datetime NOT NULL
) ENGINE=InnoDB DEFAULT CHARSET=latin1;

--
-- Dumping data untuk tabel `guru`
--

INSERT INTO `guru` (`id`, `nama`, `telpon`, `alamat`, `created_at`, `updated_at`) VALUES
(1, 'Mahmud Ramadan', '0829987908', 'SUKABUMI', '2019-09-09 03:04:11', '0000-00-00 00:00:00'),
(2, 'Rehan Sukamti', '082365478954', 'MALANG', '2019-09-09 03:04:11', '0000-00-00 00:00:00');

-- --------------------------------------------------------

--
-- Struktur dari tabel `mapel`
--

CREATE TABLE `mapel` (
  `id` int(11) NOT NULL,
  `kode` varchar(191) NOT NULL,
  `nama` varchar(191) NOT NULL,
  `semester` varchar(45) NOT NULL,
  `guru_id` int(11) NOT NULL,
  `created_at` timestamp NOT NULL DEFAULT current_timestamp(),
  `updated_at` datetime DEFAULT NULL
) ENGINE=InnoDB DEFAULT CHARSET=latin1;

--
-- Dumping data untuk tabel `mapel`
--

INSERT INTO `mapel` (`id`, `kode`, `nama`, `semester`, `guru_id`, `created_at`, `updated_at`) VALUES
(1, 'M-123', 'Matematika', 'ganjil', 1, '2019-08-31 04:54:46', NULL),
(2, 'S-321', 'Ilmiah', 'ganjil', 1, '2019-08-31 04:54:46', NULL),
(3, 'S-11024', 'Ilmu pengetahuan alam', 'Genap', 2, '2019-09-02 04:30:03', NULL),
(4, 'B-12903', 'Bahasa inggris', 'Ganjil', 2, '2019-09-02 04:30:03', NULL),
(5, 'S-09876', 'Ilmu pengetahuan sosial', 'Genap', 2, '2019-09-02 04:31:54', NULL),
(6, 'X-11098', 'Pendidikin warna negaraan', 'Genap', 1, '2019-09-02 04:31:54', NULL),
(7, 'G-097856', 'KOMPUTER JARINGAN', 'Genap', 2, '2019-09-02 04:33:11', NULL),
(8, 'N-87690', 'TEKNIK MESIN', 'Ganjil', 1, '2019-09-02 04:33:11', NULL),
(9, 'H-098782', 'Bahasa Indonesia', 'Akhir', 1, '2019-09-02 08:19:23', NULL);

-- --------------------------------------------------------

--
-- Struktur dari tabel `mapel_siswa`
--

CREATE TABLE `mapel_siswa` (
  `id` int(11) NOT NULL,
  `siswa_id` int(11) NOT NULL,
  `mapel_id` int(11) NOT NULL,
  `nilai` int(11) NOT NULL,
  `created_at` timestamp NOT NULL DEFAULT current_timestamp(),
  `updated_at` datetime NOT NULL
) ENGINE=InnoDB DEFAULT CHARSET=latin1;

--
-- Dumping data untuk tabel `mapel_siswa`
--

INSERT INTO `mapel_siswa` (`id`, `siswa_id`, `mapel_id`, `nilai`, `created_at`, `updated_at`) VALUES
(12, 1, 1, 97, '2019-09-01 23:10:44', '2019-09-02 06:10:44'),
(13, 1, 3, 82, '2019-09-01 23:10:52', '2019-09-07 04:52:07'),
(14, 1, 4, 89, '2019-09-01 23:11:04', '2019-09-09 04:31:12'),
(15, 1, 5, 91, '2019-09-01 23:11:13', '2019-09-02 06:11:13'),
(17, 1, 7, 96, '2019-09-01 23:11:42', '2019-09-02 06:11:42'),
(18, 1, 8, 91, '2019-09-01 23:11:53', '2019-09-02 06:11:53'),
(20, 15, 1, 77, '2019-09-01 23:12:52', '2019-09-02 06:12:52'),
(23, 10, 1, 81, '2019-09-01 23:13:27', '2019-09-02 06:13:27'),
(27, 4, 7, 77, '2019-09-01 23:14:23', '2019-09-02 06:14:23'),
(29, 17, 1, 91, '2019-09-01 23:17:18', '2019-09-02 06:17:18'),
(30, 17, 2, 92, '2019-09-01 23:17:27', '2019-09-02 06:17:27'),
(31, 17, 3, 93, '2019-09-01 23:17:34', '2019-09-02 06:17:34'),
(32, 17, 4, 94, '2019-09-01 23:17:40', '2019-09-02 06:17:40'),
(39, 18, 2, 76, '2019-09-02 00:24:56', '2019-09-02 07:24:56'),
(40, 18, 3, 91, '2019-09-02 00:25:06', '2019-09-02 07:25:06'),
(46, 21, 1, 60, '2019-09-06 20:32:27', '2019-09-07 04:52:57'),
(47, 20, 9, 67, '2019-09-08 21:11:44', '2019-09-09 04:11:44'),
(49, 1, 6, 92, '2019-09-11 19:30:03', '2019-09-12 02:30:03'),
(52, 4, 1, 60, '2019-09-11 21:46:56', '2019-09-12 04:46:56'),
(54, 23, 1, 60, '2019-09-11 21:59:09', '2019-09-12 04:59:09'),
(55, 24, 1, 75, '2019-09-13 23:10:49', '2019-09-14 06:10:49'),
(56, 24, 4, 80, '2019-09-13 23:11:16', '2019-09-14 06:11:16');

-- --------------------------------------------------------

--
-- Struktur dari tabel `migrations`
--

CREATE TABLE `migrations` (
  `id` int(10) UNSIGNED NOT NULL,
  `migration` varchar(255) COLLATE utf8mb4_unicode_ci NOT NULL,
  `batch` int(11) NOT NULL
) ENGINE=InnoDB DEFAULT CHARSET=utf8mb4 COLLATE=utf8mb4_unicode_ci;

--
-- Dumping data untuk tabel `migrations`
--

INSERT INTO `migrations` (`id`, `migration`, `batch`) VALUES
(1, '2014_10_12_000000_create_users_table', 1),
(2, '2014_10_12_100000_create_password_resets_table', 1),
(3, '2019_08_26_074818_create_siswa_table', 1);

-- --------------------------------------------------------

--
-- Struktur dari tabel `password_resets`
--

CREATE TABLE `password_resets` (
  `email` varchar(255) COLLATE utf8mb4_unicode_ci NOT NULL,
  `token` varchar(255) COLLATE utf8mb4_unicode_ci NOT NULL,
  `created_at` timestamp NULL DEFAULT NULL
) ENGINE=InnoDB DEFAULT CHARSET=utf8mb4 COLLATE=utf8mb4_unicode_ci;

-- --------------------------------------------------------

--
-- Struktur dari tabel `posts`
--

CREATE TABLE `posts` (
  `id` int(11) NOT NULL,
  `user_id` int(11) NOT NULL,
  `title` varchar(255) NOT NULL,
  `content` text NOT NULL,
  `slug` varchar(255) NOT NULL,
  `thumbnail` varchar(255) DEFAULT '',
  `created_at` timestamp NOT NULL DEFAULT current_timestamp(),
  `updated_at` datetime DEFAULT NULL
) ENGINE=InnoDB DEFAULT CHARSET=latin1;

--
-- Dumping data untuk tabel `posts`
--

INSERT INTO `posts` (`id`, `user_id`, `title`, `content`, `slug`, `thumbnail`, `created_at`, `updated_at`) VALUES
(1, 1, 'ini berita pertama', '<p>ini berita pertama yang di input secara manual</p>', 'ini berita pertama', '', '2019-09-14 06:42:20', NULL),
(5, 1, 'Siap siap pagi ini Cewe Idaman Pria', '<p>ada kedatangan tamu sepesial dari kita&nbsp;</p>', 'siap-siap-pagi-ini-cewe-idaman-pria', '/photos/1/sabyan.jpg', '2019-09-14 23:35:06', '2019-09-15 06:35:06'),
(6, 1, 'wanita tercantik di bogor kota', '<p>beginilah wajah seorang perempuan asal bogor indonesia yang piral karena ke cerdasan dan ke jeniusannya, simak selengkapnya</p>', 'wanita-tercantik-di-bogor-kota', '/photos/1/cewe2.jpg', '2019-09-14 23:38:33', '2019-09-15 06:38:33'),
(8, 1, 'pacar baru', '<p>blanlablabalbalblablabala</p>', 'pacar-baru', '/photos/1/cewe3.jpg', '2019-09-14 23:46:46', '2019-09-15 06:46:46');

-- --------------------------------------------------------

--
-- Struktur dari tabel `siswa`
--

CREATE TABLE `siswa` (
  `id` bigint(20) UNSIGNED NOT NULL,
  `user_id` int(11) NOT NULL,
  `nama_depan` varchar(255) COLLATE utf8mb4_unicode_ci NOT NULL,
  `nama_belakang` varchar(255) COLLATE utf8mb4_unicode_ci NOT NULL,
  `jenis_kelamin` varchar(255) COLLATE utf8mb4_unicode_ci NOT NULL,
  `agama` varchar(255) COLLATE utf8mb4_unicode_ci NOT NULL,
  `alamat` text COLLATE utf8mb4_unicode_ci NOT NULL,
  `avatar` varchar(255) COLLATE utf8mb4_unicode_ci DEFAULT 'NULL',
  `created_at` timestamp NULL DEFAULT NULL,
  `updated_at` timestamp NULL DEFAULT NULL
) ENGINE=InnoDB DEFAULT CHARSET=utf8mb4 COLLATE=utf8mb4_unicode_ci;

--
-- Dumping data untuk tabel `siswa`
--

INSERT INTO `siswa` (`id`, `user_id`, `nama_depan`, `nama_belakang`, `jenis_kelamin`, `agama`, `alamat`, `avatar`, `created_at`, `updated_at`) VALUES
(1, 0, 'HUSIN', 'MUHAMAD', 'L', 'ISLAM', 'BUKIT PELANGI TAMAN RINDU', 'pria1.jpg', NULL, '2019-09-11 19:26:06'),
(4, 0, 'RESTI', 'SUSILAWATI', 'P', 'HINDU', 'KALIMALANG  BARAT', 'cewe2.jpg', NULL, '2019-09-02 00:32:23'),
(10, 0, 'RESKI', 'AULIAWAN', 'L', 'KRISTEN', 'MALANG', NULL, '2019-08-29 23:12:07', '2019-08-29 23:12:07'),
(15, 8, 'MAHMUD', 'SIMANJUNTAK', 'L', 'BUDHA', 'TERNATE', 'profile10.png', '2019-09-01 19:34:40', '2019-09-01 19:54:37'),
(17, 10, 'MULYETI', 'MARTADINATA', 'P', 'ISLAM', 'PASIR PURUT', 'sabyan.jpg', '2019-09-01 23:17:04', '2019-09-11 21:42:53'),
(18, 12, 'ABIID', 'HERMAWAN', 'L', 'ISLAM', 'BOGOR UTARA', 'profile1.png', '2019-09-02 00:22:53', '2019-09-11 21:02:43'),
(20, 14, 'RATNA SARI', 'SUSILAWATI', 'P', 'KATOLIK', 'BANDUNG BARAT', 'cewe.png', '2019-09-02 02:44:20', '2019-09-02 02:44:20'),
(21, 15, 'RANI', 'RATNASARI', 'P', 'KRISTEN', 'BANDUNG SELATAN', 'cewe3.jpg', '2019-09-02 02:46:54', '2019-09-02 02:46:54'),
(22, 16, 'SINTIA', 'BELLA', 'P', 'KATOLIK', 'BABAKAN MADANG', 'cewe.png', '2019-09-11 21:01:22', '2019-09-11 21:01:22'),
(23, 17, 'HERU', 'JAUHARUDIN', 'L', 'ISLAM', 'BANDUNG', 'pria3.jpg', '2019-09-11 21:44:09', '2019-09-11 21:44:09'),
(24, 18, 'MARWAH', 'SAADAH', 'P', 'ISLAM', 'SOLO', 'cewe.png', '2019-09-13 23:10:30', '2019-09-13 23:10:30'),
(25, 100, 'Monroe Rempel', '', 'P', 'Hindu', '80824 Becker Forest Suite 017\nEast August, NM 94454', 'NULL', '2019-09-15 02:14:16', '2019-09-15 02:14:16'),
(26, 100, 'Jennyfer Blick', '', 'L', 'Katolik', '6234 Adrienne Fields\nJamarberg, CO 19174-3944', 'NULL', '2019-09-15 02:14:16', '2019-09-15 02:14:16'),
(27, 100, 'Prof. Norris Cassin Sr.', '', 'L', 'Islam', '2413 Gavin Unions Apt. 756\nNorth Mollie, DC 62616-4863', 'NULL', '2019-09-15 02:14:16', '2019-09-15 02:14:16'),
(28, 100, 'Dr. Walker Russel Jr.', '', 'L', 'Budha', '55461 Hilpert Junction Suite 800\nGusikowskitown, TX 97238-4635', 'NULL', '2019-09-15 02:14:16', '2019-09-15 02:14:16'),
(29, 100, 'Madge Connelly', '', 'P', 'Katolik', '36853 Jessy Green\nLake Clyde, VA 79927-3679', 'NULL', '2019-09-15 02:14:16', '2019-09-15 02:14:16'),
(30, 100, 'Davon Nolan', '', 'L', 'Islam', '796 Leone Port\nJohnsonview, WA 09532', 'NULL', '2019-09-15 02:14:16', '2019-09-15 02:14:16'),
(31, 100, 'Vicenta O\'Keefe', '', 'L', 'Katolik', '7848 Hermann Route\nBernhardborough, VA 62867-6953', 'NULL', '2019-09-15 02:14:16', '2019-09-15 02:14:16'),
(32, 100, 'Kay Koepp', '', 'P', 'Hindu', '127 Hills Manor Suite 546\nNorth Ikechester, UT 76118-5103', 'NULL', '2019-09-15 02:14:16', '2019-09-15 02:14:16'),
(33, 100, 'Clarissa Ziemann', '', 'P', 'Katolik', '87706 Isadore Mission\nTremblaybury, UT 73230', 'NULL', '2019-09-15 02:14:16', '2019-09-15 02:14:16'),
(34, 100, 'Declan Larson MD', '', 'P', 'Katolik', '45463 Alexandra Alley\nSouth Dayanaland, MN 64884', 'NULL', '2019-09-15 02:14:16', '2019-09-15 02:14:16'),
(35, 100, 'Mrs. Mireya Kiehn MD', '', 'L', 'Budha', '3790 Alysa Circle\nNew Carleton, AK 66241', 'NULL', '2019-09-15 02:22:56', '2019-09-15 02:22:56'),
(36, 100, 'Foster Nader PhD', '', 'P', 'Islam', '86583 Barton Union Suite 627\nNorth Mohammed, NH 19558-3326', 'NULL', '2019-09-15 02:22:56', '2019-09-15 02:22:56'),
(37, 100, 'Logan Gorczany', '', 'P', 'Kristen', '67499 Winnifred Point Apt. 222\nSouth Rustytown, AR 76797', 'NULL', '2019-09-15 02:22:56', '2019-09-15 02:22:56'),
(38, 100, 'Kiarra Osinski', '', 'L', 'Budha', '26522 Alysson Passage Apt. 143\nWest Lauriane, IA 73654', 'NULL', '2019-09-15 02:22:56', '2019-09-15 02:22:56'),
(39, 100, 'Jerod Wehner', '', 'L', 'Katolik', '221 Crawford Walks\nAntonetteburgh, SD 82755-6468', 'NULL', '2019-09-15 02:22:56', '2019-09-15 02:22:56'),
(40, 100, 'Mr. Magnus Rosenbaum', '', 'P', 'Budha', '2802 Altenwerth Inlet\nPort Makenziemouth, CA 19074-4085', 'NULL', '2019-09-15 02:22:57', '2019-09-15 02:22:57'),
(41, 100, 'Kara Marvin', '', 'L', 'Hindu', '9034 Lynch Islands\nTreyside, IA 70110-8522', 'NULL', '2019-09-15 02:22:57', '2019-09-15 02:22:57'),
(42, 100, 'Sunny Mann', '', 'L', 'Hindu', '48917 Kihn Spur Apt. 226\nNew Cloyd, GA 78615', 'NULL', '2019-09-15 02:22:57', '2019-09-15 02:22:57'),
(43, 100, 'Prof. Veda Keeling IV', '', 'L', 'Budha', '57890 Verona Forest\nEast Yvettemouth, UT 77922-7987', 'NULL', '2019-09-15 02:22:57', '2019-09-15 02:22:57'),
(44, 100, 'Dr. Bernhard Stark Sr.', '', 'P', 'Kristen', '7327 Lindgren Ramp\nEast Abner, TX 65433', 'NULL', '2019-09-15 02:22:57', '2019-09-15 02:22:57'),
(45, 100, 'Mrs. Magali Spencer MD', '', 'L', 'Islam', '6169 Marge Inlet\nElisefurt, WV 27468-8599', 'NULL', '2019-09-15 02:22:57', '2019-09-15 02:22:57'),
(46, 100, 'Gennaro Aufderhar', '', 'L', 'Islam', '641 Bailey Village Apt. 196\nLake Tannerside, MD 62410-1946', 'NULL', '2019-09-15 02:22:57', '2019-09-15 02:22:57'),
(47, 100, 'Alessandra Reynolds', '', 'L', 'Kristen', '62229 Kuhn Walk\nLorenzaport, OK 73535-8622', 'NULL', '2019-09-15 02:22:57', '2019-09-15 02:22:57'),
(48, 100, 'Dr. Trenton Hand III', '', 'L', 'Islam', '706 Schulist Ridge Apt. 639\nLake Louisa, NE 75848-4592', 'NULL', '2019-09-15 02:22:57', '2019-09-15 02:22:57'),
(49, 100, 'Zachary Davis', '', 'P', 'Kristen', '95301 Lockman Union Suite 294\nGrahamchester, WY 18728-2829', 'NULL', '2019-09-15 02:22:57', '2019-09-15 02:22:57'),
(50, 100, 'Elmira Harber Sr.', '', 'L', 'Islam', '7700 Macejkovic Cliff Suite 459\nAbbottmouth, ND 19239', 'NULL', '2019-09-15 02:22:57', '2019-09-15 02:22:57'),
(51, 100, 'Zakary Predovic', '', 'P', 'Katolik', '2099 Douglas Port\nNorth Jaunitaville, NJ 39882-5130', 'NULL', '2019-09-15 02:22:57', '2019-09-15 02:22:57'),
(52, 100, 'Sally Gleason', '', 'P', 'Islam', '7691 Mylene Shore\nWeimannmouth, MO 95070-8843', 'NULL', '2019-09-15 02:22:57', '2019-09-15 02:22:57'),
(53, 100, 'Dr. Henderson Muller', '', 'L', 'Budha', '414 Elza Key Apt. 060\nEast Kellen, ND 04661', 'NULL', '2019-09-15 02:22:57', '2019-09-15 02:22:57'),
(54, 100, 'Ms. Ethelyn Jones PhD', '', 'P', 'Hindu', '70170 Octavia Way\nSouth Brooks, ME 81596-9626', 'NULL', '2019-09-15 02:22:57', '2019-09-15 02:22:57'),
(55, 100, 'Diamond Murazik', '', 'P', 'Katolik', '2635 Kunde Curve Suite 542\nPort Arianna, KY 68287-2758', 'NULL', '2019-09-15 02:22:57', '2019-09-15 02:22:57'),
(56, 100, 'Leola Thompson IV', '', 'L', 'Budha', '5473 Betsy Mills Apt. 305\nPort Esteban, HI 32373-3792', 'NULL', '2019-09-15 02:22:57', '2019-09-15 02:22:57'),
(57, 100, 'Prof. Amie Kessler DDS', '', 'L', 'Islam', '13021 Esmeralda Freeway\nSouth Torreyshire, TX 75368-9635', 'NULL', '2019-09-15 02:22:57', '2019-09-15 02:22:57'),
(58, 100, 'Tate Pagac', '', 'P', 'Budha', '3280 Shanel Dale\nLake Esperanzaland, RI 17611-2989', 'NULL', '2019-09-15 02:22:57', '2019-09-15 02:22:57'),
(59, 100, 'Mr. Jasmin Mohr MD', '', 'P', 'Islam', '4197 Russel Square Suite 107\nPort Nelsonshire, HI 74995-2437', 'NULL', '2019-09-15 02:22:57', '2019-09-15 02:22:57'),
(60, 100, 'Yvonne Kris', '', 'L', 'Islam', '5132 Quentin Crescent Apt. 829\nHesselmouth, WV 40102-4647', 'NULL', '2019-09-15 02:22:57', '2019-09-15 02:22:57'),
(61, 100, 'Dr. Judge Boehm MD', '', 'L', 'Kristen', '34602 Jerel Mall\nPort Joanychester, ID 19158', 'NULL', '2019-09-15 02:22:57', '2019-09-15 02:22:57'),
(62, 100, 'Frank Schuppe', '', 'P', 'Katolik', '3347 Gertrude Circles\nNew Jamir, LA 00123-3422', 'NULL', '2019-09-15 02:22:57', '2019-09-15 02:22:57'),
(63, 100, 'Ted Hamill', '', 'L', 'Kristen', '8807 Strosin Turnpike\nLake Jefferystad, LA 89386', 'NULL', '2019-09-15 02:22:57', '2019-09-15 02:22:57'),
(64, 100, 'Trudie Brakus', '', 'L', 'Kristen', '106 Flatley Ranch\nBettyeburgh, OK 06392', 'NULL', '2019-09-15 02:22:57', '2019-09-15 02:22:57'),
(65, 100, 'Ms. Lori King V', '', 'L', 'Hindu', '590 Charlene Trafficway Apt. 642\nEast Kirk, NC 01923-1042', 'NULL', '2019-09-15 02:22:57', '2019-09-15 02:22:57'),
(66, 100, 'Laurel Wunsch', '', 'L', 'Islam', '7515 Waters Tunnel Apt. 828\nZolaview, FL 64783', 'NULL', '2019-09-15 02:22:57', '2019-09-15 02:22:57'),
(67, 100, 'Miss Princess Gorczany Jr.', '', 'L', 'Budha', '4048 Brandyn Land Suite 223\nBatzmouth, MN 50534-0401', 'NULL', '2019-09-15 02:22:58', '2019-09-15 02:22:58'),
(68, 100, 'Rosella Leffler', '', 'P', 'Budha', '175 Heidenreich Flats\nNorth Earnestfort, OR 68441', 'NULL', '2019-09-15 02:22:58', '2019-09-15 02:22:58'),
(69, 100, 'Dandre Grimes', '', 'P', 'Hindu', '96916 Davis Village Suite 505\nLake Raphaelle, MT 11979', 'NULL', '2019-09-15 02:22:58', '2019-09-15 02:22:58'),
(70, 100, 'Jennie Koch', '', 'L', 'Katolik', '506 Adeline Tunnel Suite 804\nWest Hettie, CO 46394', 'NULL', '2019-09-15 02:22:58', '2019-09-15 02:22:58'),
(71, 100, 'Raul DuBuque', '', 'L', 'Budha', '5146 Landen Village\nLake Una, KS 92235-9693', 'NULL', '2019-09-15 02:22:58', '2019-09-15 02:22:58'),
(72, 100, 'Heloise Davis', '', 'P', 'Katolik', '3507 Imani Roads\nMaefort, GA 63608-6149', 'NULL', '2019-09-15 02:22:58', '2019-09-15 02:22:58'),
(73, 100, 'Mariana Collier', '', 'P', 'Kristen', '9359 Langworth Rue\nLesterside, CO 88585', 'NULL', '2019-09-15 02:22:58', '2019-09-15 02:22:58'),
(74, 100, 'Stephanie Thompson', '', 'P', 'Budha', '6077 Hane Isle\nChristyport, SD 63111', 'NULL', '2019-09-15 02:22:58', '2019-09-15 02:22:58'),
(75, 100, 'Prof. Jerad Kihn V', '', 'P', 'Islam', '75641 Gerlach Fields\nStephanhaven, DC 60996', 'NULL', '2019-09-15 02:22:58', '2019-09-15 02:22:58'),
(76, 100, 'Isaiah Fritsch', '', 'L', 'Katolik', '27479 Anabelle Route Suite 876\nAyanastad, NJ 80489', 'NULL', '2019-09-15 02:22:58', '2019-09-15 02:22:58'),
(77, 100, 'Dessie Stokes', '', 'L', 'Katolik', '1698 Jerde Parks Apt. 392\nLake Jeremy, MA 23432-9205', 'NULL', '2019-09-15 02:22:58', '2019-09-15 02:22:58'),
(78, 100, 'Miss Alexandrea Gibson PhD', '', 'P', 'Islam', '193 Edwina Plains Apt. 619\nPort Audreanneborough, KS 60686', 'NULL', '2019-09-15 02:22:58', '2019-09-15 02:22:58'),
(79, 100, 'Verla West Jr.', '', 'L', 'Kristen', '614 Dickens Circles Apt. 865\nLynchmouth, NM 65608-1631', 'NULL', '2019-09-15 02:22:58', '2019-09-15 02:22:58'),
(80, 100, 'Darwin Morissette', '', 'L', 'Hindu', '782 Guido Corners\nKreigerview, CT 98919-6914', 'NULL', '2019-09-15 02:22:58', '2019-09-15 02:22:58'),
(81, 100, 'Mrs. Eloise Wolff', '', 'L', 'Katolik', '726 Yessenia Pine Suite 044\nLake Alba, DC 70488', 'NULL', '2019-09-15 02:22:58', '2019-09-15 02:22:58'),
(82, 100, 'Hector Lueilwitz V', '', 'P', 'Budha', '4169 Vandervort Gateway Apt. 856\nKingview, NY 82132-2164', 'NULL', '2019-09-15 02:22:58', '2019-09-15 02:22:58'),
(83, 100, 'Prof. Lora Kling I', '', 'L', 'Katolik', '42322 Montana Forks Suite 525\nKlockofort, SD 97869-8170', 'NULL', '2019-09-15 02:22:58', '2019-09-15 02:22:58'),
(84, 100, 'Penelope Raynor', '', 'P', 'Islam', '357 Rosenbaum Lights\nEast Gunnerland, ND 30418-0234', 'NULL', '2019-09-15 02:22:58', '2019-09-15 02:22:58'),
(85, 100, 'Tanner Kuphal II', '', 'P', 'Katolik', '219 Jacobson Creek Apt. 442\nEast Rogeliostad, ID 69338-1831', 'NULL', '2019-09-15 02:22:58', '2019-09-15 02:22:58'),
(86, 100, 'Alize Marks', '', 'P', 'Budha', '469 Maida Parks\nSouth Alene, FL 52930-9906', 'NULL', '2019-09-15 02:22:59', '2019-09-15 02:22:59'),
(87, 100, 'Willa Legros', '', 'P', 'Budha', '5164 Elizabeth Plaza\nNorth Sandrachester, LA 36944-4849', 'NULL', '2019-09-15 02:22:59', '2019-09-15 02:22:59'),
(88, 100, 'Alejandrin Wuckert IV', '', 'P', 'Kristen', '9717 Block Mall Apt. 857\nLednerstad, MD 72556', 'NULL', '2019-09-15 02:22:59', '2019-09-15 02:22:59'),
(89, 100, 'Joshuah Reichel', '', 'P', 'Budha', '5652 O\'Kon Fork\nSouth Reynold, DC 99455', 'NULL', '2019-09-15 02:22:59', '2019-09-15 02:22:59'),
(90, 100, 'Ms. Kristina Bechtelar Sr.', '', 'L', 'Budha', '4960 Althea Garden\nRosamondtown, WA 41734', 'NULL', '2019-09-15 02:22:59', '2019-09-15 02:22:59'),
(91, 100, 'Gerry Lockman', '', 'P', 'Katolik', '9050 Agustina Manor\nLake Laury, TX 29805-3093', 'NULL', '2019-09-15 02:22:59', '2019-09-15 02:22:59'),
(92, 100, 'Rose Wunsch', '', 'L', 'Katolik', '2527 Kilback Ramp\nSouth Rodrigo, ND 41405-5983', 'NULL', '2019-09-15 02:22:59', '2019-09-15 02:22:59'),
(93, 100, 'Mrs. Noelia Kuphal', '', 'P', 'Katolik', '88823 Wisoky Throughway Apt. 848\nNew Aglaeport, CT 91413', 'NULL', '2019-09-15 02:22:59', '2019-09-15 02:22:59'),
(94, 100, 'Nedra Lueilwitz', '', 'P', 'Hindu', '595 Champlin Estates\nSipeston, GA 28511', 'NULL', '2019-09-15 02:22:59', '2019-09-15 02:22:59'),
(95, 100, 'Oliver Turner', '', 'L', 'Islam', '498 Lockman Loop\nNorth Emmalee, NM 42812', 'NULL', '2019-09-15 02:22:59', '2019-09-15 02:22:59'),
(96, 100, 'Prof. Idell Kulas Sr.', '', 'L', 'Islam', '36915 Pedro Common Suite 325\nMarianville, WI 50258-2324', 'NULL', '2019-09-15 02:22:59', '2019-09-15 02:22:59'),
(97, 100, 'Mr. Eleazar Bailey', '', 'P', 'Katolik', '327 Becker Grove\nZiemechester, OK 04011', 'NULL', '2019-09-15 02:22:59', '2019-09-15 02:22:59'),
(98, 100, 'Violette Terry', '', 'P', 'Hindu', '971 Francis Ville\nDavidstad, MA 70319', 'NULL', '2019-09-15 02:22:59', '2019-09-15 02:22:59'),
(99, 100, 'Elta Wintheiser', '', 'P', 'Kristen', '988 Sim Track\nWest Bernardochester, MO 63322', 'NULL', '2019-09-15 02:22:59', '2019-09-15 02:22:59'),
(100, 100, 'Annetta Wisozk', '', 'P', 'Hindu', '6371 Sibyl Branch\nEast Thora, CO 20514', 'NULL', '2019-09-15 02:22:59', '2019-09-15 02:22:59'),
(101, 100, 'Dr. Allan Bernhard Jr.', '', 'L', 'Islam', '869 Garett Cliff Suite 698\nWest Ciarachester, IA 85262-2920', 'NULL', '2019-09-15 02:22:59', '2019-09-15 02:22:59'),
(102, 100, 'Tad McDermott', '', 'P', 'Kristen', '56080 Towne View Suite 450\nNorth Daisha, ID 32381', 'NULL', '2019-09-15 02:22:59', '2019-09-15 02:22:59'),
(103, 100, 'Myrna Gusikowski', '', 'L', 'Hindu', '998 Tianna Mountains\nCristopherhaven, NV 51229-8728', 'NULL', '2019-09-15 02:22:59', '2019-09-15 02:22:59'),
(104, 100, 'Elmore Auer', '', 'L', 'Hindu', '311 Hailey Summit Suite 912\nWest Caseyland, MD 55126-0132', 'NULL', '2019-09-15 02:22:59', '2019-09-15 02:22:59'),
(105, 100, 'Perry Goodwin', '', 'L', 'Kristen', '4640 Abernathy Track Suite 236\nBlickbury, MO 21810-9056', 'NULL', '2019-09-15 02:22:59', '2019-09-15 02:22:59'),
(106, 100, 'Pattie Lockman', '', 'P', 'Islam', '5239 Goldner Crossing Suite 668\nLueilwitzchester, HI 61095', 'NULL', '2019-09-15 02:22:59', '2019-09-15 02:22:59'),
(107, 100, 'Mr. Haleigh Dibbert DDS', '', 'P', 'Hindu', '7400 Medhurst Tunnel\nSouth Oswaldo, MS 12556-6388', 'NULL', '2019-09-15 02:22:59', '2019-09-15 02:22:59'),
(108, 100, 'Hailey Rosenbaum', '', 'L', 'Islam', '385 Trantow Ville\nLake Mikelburgh, CO 00255', 'NULL', '2019-09-15 02:22:59', '2019-09-15 02:22:59'),
(109, 100, 'Dr. Jaylin Kris', '', 'P', 'Katolik', '595 Metz Route Apt. 324\nEast Willybury, FL 60689', 'NULL', '2019-09-15 02:23:00', '2019-09-15 02:23:00'),
(110, 100, 'Prof. Kyra Lebsack Jr.', '', 'P', 'Kristen', '1610 Tristian Ridges\nKelliemouth, AR 95084', 'NULL', '2019-09-15 02:23:00', '2019-09-15 02:23:00'),
(111, 100, 'Lura Labadie', '', 'L', 'Budha', '4891 Kirk Vista Apt. 265\nHillhaven, TN 04307', 'NULL', '2019-09-15 02:23:00', '2019-09-15 02:23:00'),
(112, 100, 'Eve Jaskolski', '', 'L', 'Kristen', '561 Devan Port Suite 617\nO\'Connershire, WV 10108', 'NULL', '2019-09-15 02:23:00', '2019-09-15 02:23:00'),
(113, 100, 'Leola Hill', '', 'L', 'Hindu', '8896 Stehr Fords Apt. 212\nSchoenville, NH 43491', 'NULL', '2019-09-15 02:23:00', '2019-09-15 02:23:00'),
(114, 100, 'Dr. Thelma Pouros', '', 'P', 'Kristen', '48611 Feest Place\nLefflerport, NE 97715', 'NULL', '2019-09-15 02:23:00', '2019-09-15 02:23:00'),
(115, 100, 'Mr. Jovanny Kihn Jr.', '', 'L', 'Budha', '6394 Fadel Terrace Apt. 437\nEast Antonietta, CO 34233-1303', 'NULL', '2019-09-15 02:23:00', '2019-09-15 02:23:00'),
(116, 100, 'Keyshawn Beer PhD', '', 'L', 'Katolik', '56361 Leuschke Ville Apt. 480\nMullerland, OH 17372-2712', 'NULL', '2019-09-15 02:23:00', '2019-09-15 02:23:00'),
(117, 100, 'Mr. Jeffry Toy MD', '', 'P', 'Islam', '31763 Lexie Gateway\nUrsulaborough, VT 87675', 'NULL', '2019-09-15 02:23:00', '2019-09-15 02:23:00'),
(118, 100, 'Lexie Rogahn', '', 'P', 'Katolik', '426 Beulah Freeway\nPort Eudorahaven, LA 01152', 'NULL', '2019-09-15 02:23:00', '2019-09-15 02:23:00'),
(119, 100, 'Gardner Anderson', '', 'P', 'Kristen', '65587 Conroy Curve Suite 042\nNorth Wilfridborough, AZ 66558', 'NULL', '2019-09-15 02:23:00', '2019-09-15 02:23:00'),
(120, 100, 'Oliver Lueilwitz', '', 'L', 'Kristen', '67517 Aidan Street Suite 548\nSouth Aubrey, WI 36590', 'NULL', '2019-09-15 02:23:00', '2019-09-15 02:23:00'),
(121, 100, 'Prof. Rocky Senger', '', 'L', 'Islam', '9493 Gerhard Place Suite 258\nPort Hunterville, HI 15507', 'NULL', '2019-09-15 02:23:00', '2019-09-15 02:23:00'),
(122, 100, 'Dean Goodwin V', '', 'L', 'Hindu', '83816 Sauer Islands\nEveretthaven, VT 77083', 'NULL', '2019-09-15 02:23:00', '2019-09-15 02:23:00'),
(123, 100, 'Marjorie Becker', '', 'P', 'Islam', '4784 Kenneth Falls\nEltabury, VA 82173', 'NULL', '2019-09-15 02:23:00', '2019-09-15 02:23:00'),
(124, 100, 'Lauretta Greenfelder', '', 'P', 'Katolik', '38393 Tremblay Trace\nHobartstad, ID 17392', 'NULL', '2019-09-15 02:23:00', '2019-09-15 02:23:00'),
(125, 100, 'Frederique Powlowski', '', 'L', 'Hindu', '1577 Lydia Estates Apt. 566\nFelicitychester, KS 16594-9853', 'NULL', '2019-09-15 02:23:00', '2019-09-15 02:23:00'),
(126, 100, 'Ana Dibbert', '', 'L', 'Kristen', '771 Laron Route Apt. 181\nDawsonton, AK 83002', 'NULL', '2019-09-15 02:23:00', '2019-09-15 02:23:00'),
(127, 100, 'Prof. Electa Lind', '', 'P', 'Budha', '26062 Kaitlyn Mill\nLake Jacky, MI 95858-2950', 'NULL', '2019-09-15 02:23:00', '2019-09-15 02:23:00'),
(128, 100, 'Claudine Hamill', '', 'P', 'Hindu', '9688 Haag Glens Suite 770\nLake Shany, AK 27392', 'NULL', '2019-09-15 02:23:00', '2019-09-15 02:23:00'),
(129, 100, 'Vita Will', '', 'L', 'Kristen', '37965 Bette Underpass\nHesselberg, ME 09787', 'NULL', '2019-09-15 02:23:00', '2019-09-15 02:23:00'),
(130, 100, 'Billy Keeling', '', 'P', 'Budha', '74767 Crooks Extension\nSouth Maryse, TX 47579', 'NULL', '2019-09-15 02:23:00', '2019-09-15 02:23:00'),
(131, 100, 'Neoma Stehr', '', 'L', 'Budha', '8529 Gibson Estates Apt. 675\nNew Zaria, NC 60923', 'NULL', '2019-09-15 02:23:00', '2019-09-15 02:23:00'),
(132, 100, 'Jonatan Huel', '', 'L', 'Islam', '35225 Stoltenberg Spur Apt. 059\nSouth Clement, SC 41106', 'NULL', '2019-09-15 02:23:00', '2019-09-15 02:23:00'),
(133, 100, 'Gisselle Nikolaus', '', 'L', 'Hindu', '67752 Owen Rest\nWest Hughchester, NV 08444-1955', 'NULL', '2019-09-15 02:23:00', '2019-09-15 02:23:00'),
(134, 100, 'Donny Gusikowski', '', 'L', 'Budha', '395 Tristin Ramp Suite 238\nPort Santiagomouth, RI 53874', 'NULL', '2019-09-15 02:23:01', '2019-09-15 02:23:01'),
(135, 100, 'Bobbie Walter', '', 'P', 'Hindu', '48437 Rice Cape\nNew Kameron, AL 30987-8173', 'NULL', '2019-09-15 02:23:01', '2019-09-15 02:23:01'),
(136, 100, 'Isabelle Gutkowski', '', 'P', 'Hindu', '9155 Volkman Road\nKrismouth, LA 23573', 'NULL', '2019-09-15 02:23:01', '2019-09-15 02:23:01'),
(137, 100, 'Everette Ziemann', '', 'L', 'Kristen', '7402 Pouros Lake Apt. 995\nEast German, MO 33164', 'NULL', '2019-09-15 02:23:01', '2019-09-15 02:23:01'),
(138, 100, 'Jeremie Boyle', '', 'L', 'Kristen', '65580 Keeling Vista Apt. 156\nOrlandochester, DC 69930', 'NULL', '2019-09-15 02:23:01', '2019-09-15 02:23:01'),
(139, 100, 'Sandrine Gulgowski', '', 'P', 'Islam', '2563 O\'Conner Forges Suite 056\nEast Cortney, WA 08516-4329', 'NULL', '2019-09-15 02:23:01', '2019-09-15 02:23:01'),
(140, 100, 'Ms. Tina Brekke DDS', '', 'L', 'Budha', '504 Hans Shoal\nJosiannetown, TX 08866', 'NULL', '2019-09-15 02:23:01', '2019-09-15 02:23:01'),
(141, 100, 'Murray Hagenes', '', 'P', 'Katolik', '4554 Mohr Mission Apt. 012\nEast Leone, DC 52945', 'NULL', '2019-09-15 02:23:01', '2019-09-15 02:23:01'),
(142, 100, 'Hyman Kuphal', '', 'P', 'Budha', '590 Langworth Groves\nHirtheville, MD 30099-2760', 'NULL', '2019-09-15 02:23:01', '2019-09-15 02:23:01'),
(143, 100, 'Vincent Kerluke', '', 'L', 'Islam', '5022 Swift Hollow Suite 344\nEast Adrienne, WA 36980', 'NULL', '2019-09-15 02:23:01', '2019-09-15 02:23:01'),
(144, 100, 'Heaven Nicolas II', '', 'P', 'Islam', '12973 Harmon Street\nPort Izaiah, PA 12145', 'NULL', '2019-09-15 02:23:01', '2019-09-15 02:23:01'),
(145, 100, 'Salvador Bradtke', '', 'L', 'Hindu', '178 Gulgowski Path Suite 935\nPort Loyport, KY 62833', 'NULL', '2019-09-15 02:23:01', '2019-09-15 02:23:01'),
(146, 100, 'Mrs. Jewel Abshire II', '', 'L', 'Hindu', '3693 Bogisich Track\nLinaton, CA 00452-2022', 'NULL', '2019-09-15 02:23:01', '2019-09-15 02:23:01'),
(147, 100, 'Jovanny Orn', '', 'P', 'Katolik', '8638 Brendan Passage\nSammieton, MN 28791-2448', 'NULL', '2019-09-15 02:23:01', '2019-09-15 02:23:01'),
(148, 100, 'Giles Treutel', '', 'L', 'Hindu', '858 Geovanni Roads\nSouth Friedaberg, ID 07134', 'NULL', '2019-09-15 02:23:01', '2019-09-15 02:23:01'),
(149, 100, 'Connor Purdy', '', 'L', 'Katolik', '13005 Enrico Gateway\nDooleyville, TN 88444-2993', 'NULL', '2019-09-15 02:23:01', '2019-09-15 02:23:01'),
(150, 100, 'Otha Nicolas', '', 'L', 'Budha', '484 Mitchell Pine Apt. 678\nWest Solon, OH 96798', 'NULL', '2019-09-15 02:23:01', '2019-09-15 02:23:01'),
(151, 100, 'Retta Daniel Jr.', '', 'P', 'Budha', '609 Boehm Curve Apt. 682\nO\'Reillyshire, MT 37974-6658', 'NULL', '2019-09-15 02:23:01', '2019-09-15 02:23:01'),
(152, 100, 'Crawford Kassulke', '', 'P', 'Islam', '45636 Zander Orchard Apt. 697\nRuthshire, AK 20906-0010', 'NULL', '2019-09-15 02:23:02', '2019-09-15 02:23:02'),
(153, 100, 'Delbert Stoltenberg', '', 'L', 'Katolik', '7723 Pouros River Suite 630\nSouth Russelbury, NJ 64816-3616', 'NULL', '2019-09-15 02:23:02', '2019-09-15 02:23:02'),
(154, 100, 'Octavia Howell', '', 'L', 'Budha', '629 Georgiana Ferry Apt. 204\nNew Vivienmouth, AL 62507', 'NULL', '2019-09-15 02:23:02', '2019-09-15 02:23:02'),
(155, 100, 'Dr. Antone Boyle PhD', '', 'P', 'Kristen', '5901 DuBuque Freeway\nErnserstad, NV 37649-9427', 'NULL', '2019-09-15 02:23:02', '2019-09-15 02:23:02'),
(156, 100, 'Joanie Morar', '', 'P', 'Budha', '556 Farrell Cove Suite 858\nWest Jadyn, IA 54296', 'NULL', '2019-09-15 02:23:02', '2019-09-15 02:23:02'),
(157, 100, 'Dr. Presley Swift', '', 'L', 'Islam', '560 Oral Forges Suite 427\nChaimchester, NY 20566', 'NULL', '2019-09-15 02:23:02', '2019-09-15 02:23:02'),
(158, 100, 'Napoleon Moen', '', 'L', 'Katolik', '34464 Adams Cove\nBauchside, SC 93066', 'NULL', '2019-09-15 02:23:02', '2019-09-15 02:23:02'),
(159, 100, 'Sabina Ankunding', '', 'L', 'Katolik', '88490 Mosciski Lights\nConnorland, ID 62114', 'NULL', '2019-09-15 02:23:02', '2019-09-15 02:23:02'),
(160, 100, 'Willa Kshlerin Jr.', '', 'P', 'Islam', '2646 Padberg Square Suite 094\nPort Aryannaburgh, KY 99091', 'NULL', '2019-09-15 02:23:02', '2019-09-15 02:23:02'),
(161, 100, 'Emerald Klocko', '', 'P', 'Kristen', '23922 Martine Throughway\nEichmannfurt, AK 31266', 'NULL', '2019-09-15 02:23:02', '2019-09-15 02:23:02'),
(162, 100, 'Emmie Tillman', '', 'L', 'Budha', '8747 Magali Radial\nNew Retaside, CA 55377', 'NULL', '2019-09-15 02:23:02', '2019-09-15 02:23:02'),
(163, 100, 'Haylie Carroll', '', 'P', 'Katolik', '982 Renner Prairie\nGoldenborough, AK 78762', 'NULL', '2019-09-15 02:23:02', '2019-09-15 02:23:02'),
(164, 100, 'Ms. Luna Schumm IV', '', 'P', 'Kristen', '9507 Hayley Ville\nRoobbury, NV 26396', 'NULL', '2019-09-15 02:23:02', '2019-09-15 02:23:02'),
(165, 100, 'Itzel Schultz', '', 'L', 'Katolik', '884 Glover Way Apt. 194\nSchaeferton, LA 72344', 'NULL', '2019-09-15 02:23:02', '2019-09-15 02:23:02'),
(166, 100, 'Gay Dibbert', '', 'P', 'Islam', '13442 Schoen Manor Apt. 229\nPort Nedborough, AL 86079-3400', 'NULL', '2019-09-15 02:23:02', '2019-09-15 02:23:02'),
(167, 100, 'Dr. Walker Legros', '', 'P', 'Islam', '2375 Clifton Point\nDominichaven, CT 63071', 'NULL', '2019-09-15 02:23:02', '2019-09-15 02:23:02'),
(168, 100, 'Prof. August Crona PhD', '', 'L', 'Budha', '236 Kimberly Ports\nWarrenport, IN 23809-0621', 'NULL', '2019-09-15 02:23:02', '2019-09-15 02:23:02'),
(169, 100, 'Pat Schmeler Jr.', '', 'L', 'Kristen', '386 Pacocha Gateway\nWest Anya, NH 91153-1037', 'NULL', '2019-09-15 02:23:02', '2019-09-15 02:23:02'),
(170, 100, 'Prof. Carlos Simonis', '', 'L', 'Islam', '2934 Wunsch Fork Apt. 336\nLetitiaport, OK 59314', 'NULL', '2019-09-15 02:23:02', '2019-09-15 02:23:02'),
(171, 100, 'Mrs. Edwina Keebler', '', 'L', 'Hindu', '3120 Selena Port\nPort Susie, NY 52636-3472', 'NULL', '2019-09-15 02:23:02', '2019-09-15 02:23:02'),
(172, 100, 'Chris Donnelly II', '', 'P', 'Budha', '2998 Marcia Flat Apt. 415\nPort Astrid, ND 40408-3148', 'NULL', '2019-09-15 02:23:02', '2019-09-15 02:23:02'),
(173, 100, 'Nichole Bernier DVM', '', 'L', 'Islam', '97392 Koepp Circle Suite 682\nErynburgh, AR 30866-1984', 'NULL', '2019-09-15 02:23:02', '2019-09-15 02:23:02'),
(174, 100, 'Rosalyn Wisozk', '', 'L', 'Islam', '76729 Rolfson Lakes Apt. 802\nSadyefurt, FL 00380', 'NULL', '2019-09-15 02:23:02', '2019-09-15 02:23:02'),
(175, 100, 'Ulices Mohr', '', 'P', 'Katolik', '4577 Stroman Brooks\nSouth Daltonmouth, SD 78650-6933', 'NULL', '2019-09-15 02:23:02', '2019-09-15 02:23:02'),
(176, 100, 'Diana Leannon', '', 'P', 'Budha', '60048 Jaime Lights\nWest Ernestport, NM 63404', 'NULL', '2019-09-15 02:23:03', '2019-09-15 02:23:03'),
(177, 100, 'Maia Ernser', '', 'L', 'Budha', '12687 Genevieve Hollow Apt. 262\nNew Mathias, HI 15818-9256', 'NULL', '2019-09-15 02:23:03', '2019-09-15 02:23:03'),
(178, 100, 'Seth Beier', '', 'L', 'Katolik', '659 Carolanne Oval Suite 754\nCummingsmouth, WV 27513', 'NULL', '2019-09-15 02:23:03', '2019-09-15 02:23:03'),
(179, 100, 'Wilton Leannon', '', 'L', 'Hindu', '229 Jacobi Park\nOndrickaberg, NY 92943', 'NULL', '2019-09-15 02:23:03', '2019-09-15 02:23:03'),
(180, 100, 'Dr. Buford Cole', '', 'L', 'Hindu', '984 Hessel Trace Suite 138\nLake Andretown, TX 93697', 'NULL', '2019-09-15 02:23:03', '2019-09-15 02:23:03'),
(181, 100, 'Jessie Spencer II', '', 'L', 'Hindu', '64330 Tressa Estate Suite 195\nPort Giovannabury, WA 97214', 'NULL', '2019-09-15 02:23:03', '2019-09-15 02:23:03'),
(182, 100, 'Prof. Chauncey Leuschke', '', 'P', 'Hindu', '7077 Haag Isle Apt. 120\nWest Terence, SD 39400-3066', 'NULL', '2019-09-15 02:23:03', '2019-09-15 02:23:03'),
(183, 100, 'Prof. Aaron Rath', '', 'L', 'Islam', '85686 Heaney Points\nJohnsfurt, DE 39139-5159', 'NULL', '2019-09-15 02:23:03', '2019-09-15 02:23:03'),
(184, 100, 'Lisandro Kautzer', '', 'L', 'Islam', '991 Elinor Locks\nSchowaltershire, WY 28318', 'NULL', '2019-09-15 02:23:03', '2019-09-15 02:23:03'),
(185, 100, 'Tiara Lind', '', 'P', 'Budha', '866 Kyleigh Estates\nDevontestad, MO 78286', 'NULL', '2019-09-15 02:23:03', '2019-09-15 02:23:03'),
(186, 100, 'Kim Rau Sr.', '', 'L', 'Kristen', '6390 Rogahn Village\nWest Candice, TX 95523-2521', 'NULL', '2019-09-15 02:23:03', '2019-09-15 02:23:03'),
(187, 100, 'Prof. Ray Johnson PhD', '', 'P', 'Kristen', '51503 Crona Islands Apt. 784\nStreichville, WA 17677', 'NULL', '2019-09-15 02:23:03', '2019-09-15 02:23:03'),
(188, 100, 'Chelsea Conroy', '', 'L', 'Katolik', '465 Tremblay Bypass Apt. 424\nSouth Maeside, MN 06445', 'NULL', '2019-09-15 02:23:04', '2019-09-15 02:23:04'),
(189, 100, 'Mr. Billy Walsh Jr.', '', 'P', 'Budha', '1170 Breitenberg Crest\nNorth Tatumstad, AR 58902', 'NULL', '2019-09-15 02:23:04', '2019-09-15 02:23:04'),
(190, 100, 'Emmalee Howe', '', 'P', 'Hindu', '25611 Kuhic Club Suite 796\nSouth Teresaport, DC 09491', 'NULL', '2019-09-15 02:23:04', '2019-09-15 02:23:04'),
(191, 100, 'Mr. Jeffery Farrell PhD', '', 'P', 'Kristen', '234 Hand Manor Apt. 109\nMicheletown, PA 48272-3640', 'NULL', '2019-09-15 02:23:04', '2019-09-15 02:23:04'),
(192, 100, 'Prof. Electa Osinski I', '', 'P', 'Hindu', '1106 Jo Via Apt. 321\nSouth Juwanhaven, MD 45008-6198', 'NULL', '2019-09-15 02:23:04', '2019-09-15 02:23:04'),
(193, 100, 'Taya Braun', '', 'P', 'Kristen', '99115 Kshlerin Pass Suite 371\nSouth Kamrynshire, AL 30885', 'NULL', '2019-09-15 02:23:04', '2019-09-15 02:23:04'),
(194, 100, 'Aliza Cremin II', '', 'L', 'Islam', '1186 Delphine Shore\nNorth Amy, MN 29588', 'NULL', '2019-09-15 02:23:04', '2019-09-15 02:23:04'),
(195, 100, 'Prof. Ottilie Price', '', 'P', 'Islam', '400 Roberts Bridge Suite 509\nPort Orloberg, TN 52559', 'NULL', '2019-09-15 02:23:04', '2019-09-15 02:23:04'),
(196, 100, 'Prof. Delphia Thompson MD', '', 'L', 'Islam', '1089 Stokes Alley\nBashirianchester, ME 00584', 'NULL', '2019-09-15 02:23:04', '2019-09-15 02:23:04'),
(197, 100, 'Mr. Glen Williamson DDS', '', 'P', 'Islam', '36351 Schneider Center Suite 307\nWest Russ, NC 55180-0297', 'NULL', '2019-09-15 02:23:04', '2019-09-15 02:23:04'),
(198, 100, 'Terrell Bahringer', '', 'P', 'Hindu', '556 Langworth Lakes Apt. 978\nSofiaville, KS 92412', 'NULL', '2019-09-15 02:23:04', '2019-09-15 02:23:04'),
(199, 100, 'Ms. Hollie Hayes II', '', 'P', 'Budha', '58625 Rogers Rapid Suite 241\nMillershire, NH 07477', 'NULL', '2019-09-15 02:23:04', '2019-09-15 02:23:04'),
(200, 100, 'Diego Witting', '', 'L', 'Kristen', '3222 Madie Parkway Apt. 524\nLake Leland, WY 23324-2111', 'NULL', '2019-09-15 02:23:05', '2019-09-15 02:23:05'),
(201, 100, 'Jordyn Koepp', '', 'L', 'Kristen', '439 Sibyl Shore\nLake Triston, WI 80180-3238', 'NULL', '2019-09-15 02:23:05', '2019-09-15 02:23:05'),
(202, 100, 'Caesar Parker II', '', 'L', 'Islam', '9411 Rocio Mews\nEast Alexzanderside, MS 55536', 'NULL', '2019-09-15 02:23:05', '2019-09-15 02:23:05'),
(203, 100, 'Jayson Heaney', '', 'P', 'Kristen', '2930 Kylie Fall Apt. 945\nArielletown, ND 94460-1336', 'NULL', '2019-09-15 02:23:05', '2019-09-15 02:23:05'),
(204, 100, 'Elbert Homenick', '', 'L', 'Hindu', '65219 Hank Loop Suite 090\nLeannburgh, MN 73852-1280', 'NULL', '2019-09-15 02:23:05', '2019-09-15 02:23:05'),
(205, 100, 'Cedrick Cormier III', '', 'P', 'Hindu', '9803 Kyra Skyway Apt. 920\nRathburgh, SC 77914', 'NULL', '2019-09-15 02:23:05', '2019-09-15 02:23:05'),
(206, 100, 'Ciara Gibson DDS', '', 'P', 'Islam', '8734 Rollin Island Apt. 739\nPort Gladysport, MT 32817', 'NULL', '2019-09-15 02:23:05', '2019-09-15 02:23:05'),
(207, 100, 'Alexys Renner', '', 'L', 'Katolik', '6541 Russel Center Suite 033\nBotsfordfort, TX 36988', 'NULL', '2019-09-15 02:23:05', '2019-09-15 02:23:05'),
(208, 100, 'Prof. Eino Paucek', '', 'L', 'Katolik', '448 Marquardt Point\nSouth Aurelie, OH 21098-6640', 'NULL', '2019-09-15 02:23:05', '2019-09-15 02:23:05'),
(209, 100, 'Jace Stehr I', '', 'P', 'Kristen', '86800 Candelario Causeway\nNorth Lamontmouth, GA 21627', 'NULL', '2019-09-15 02:23:05', '2019-09-15 02:23:05'),
(210, 100, 'Wilfrid Rosenbaum', '', 'P', 'Islam', '92715 Reta Overpass\nSwiftborough, FL 00917', 'NULL', '2019-09-15 02:23:05', '2019-09-15 02:23:05'),
(211, 100, 'Lynn Schuppe', '', 'L', 'Kristen', '4926 Hand Islands Apt. 653\nRyanmouth, PA 96406-7842', 'NULL', '2019-09-15 02:23:05', '2019-09-15 02:23:05'),
(212, 100, 'Tatyana Stracke', '', 'P', 'Hindu', '653 O\'Hara Coves Apt. 445\nVonmouth, KY 73424-0970', 'NULL', '2019-09-15 02:23:05', '2019-09-15 02:23:05'),
(213, 100, 'Burdette Lemke', '', 'P', 'Katolik', '537 Sonia Route\nNorth Hoseaburgh, WA 65560', 'NULL', '2019-09-15 02:23:06', '2019-09-15 02:23:06'),
(214, 100, 'Dr. Shakira Emard II', '', 'P', 'Katolik', '4004 Keara Hill Suite 461\nLake Charleyberg, MO 63388-9785', 'NULL', '2019-09-15 02:23:06', '2019-09-15 02:23:06'),
(215, 100, 'Prof. Ole Fay MD', '', 'L', 'Katolik', '799 Khalil Heights\nWest Russ, NY 95918', 'NULL', '2019-09-15 02:23:06', '2019-09-15 02:23:06'),
(216, 100, 'Terrance Carroll', '', 'P', 'Kristen', '437 Heidenreich Forge Apt. 463\nLittleton, TN 76895', 'NULL', '2019-09-15 02:23:06', '2019-09-15 02:23:06'),
(217, 100, 'Penelope Spencer II', '', 'L', 'Hindu', '216 Kuhlman Alley Apt. 895\nNorth Jessy, CO 41215', 'NULL', '2019-09-15 02:23:06', '2019-09-15 02:23:06'),
(218, 100, 'Mrs. Josiane Heidenreich III', '', 'L', 'Budha', '2657 Krystel Stream Suite 817\nNew Kellen, UT 15542-5495', 'NULL', '2019-09-15 02:23:06', '2019-09-15 02:23:06'),
(219, 100, 'Wilhelmine Marvin', '', 'L', 'Budha', '4867 Sporer Run Apt. 925\nPort Juvenal, NM 84124', 'NULL', '2019-09-15 02:23:06', '2019-09-15 02:23:06'),
(220, 100, 'Naomi Lynch', '', 'L', 'Katolik', '943 Luettgen Highway Apt. 137\nGerlachhaven, HI 41256-1010', 'NULL', '2019-09-15 02:23:06', '2019-09-15 02:23:06'),
(221, 100, 'Tyrell Kris', '', 'L', 'Budha', '1029 Bartoletti Street Apt. 204\nNew Maxwellhaven, MA 08978', 'NULL', '2019-09-15 02:23:06', '2019-09-15 02:23:06'),
(222, 100, 'Prof. Forrest Prohaska', '', 'L', 'Budha', '42333 Ashtyn Lock Suite 884\nRathchester, TN 18494', 'NULL', '2019-09-15 02:23:06', '2019-09-15 02:23:06'),
(223, 100, 'Rebekah Mraz Jr.', '', 'L', 'Hindu', '525 Hyman Trafficway\nGorczanystad, NV 07880-1459', 'NULL', '2019-09-15 02:23:06', '2019-09-15 02:23:06'),
(224, 100, 'Hanna Mertz', '', 'P', 'Hindu', '1025 Kilback Roads Apt. 379\nJoshuaside, PA 20931', 'NULL', '2019-09-15 02:23:07', '2019-09-15 02:23:07'),
(225, 100, 'Dr. Tatum Ullrich', '', 'P', 'Kristen', '15838 Rogahn Tunnel Apt. 270\nKubmouth, LA 79650', 'NULL', '2019-09-15 02:23:07', '2019-09-15 02:23:07'),
(226, 100, 'Tyshawn Wisozk', '', 'P', 'Kristen', '48199 Lavada Islands\nNorth Robbiehaven, NC 46843-2112', 'NULL', '2019-09-15 02:23:07', '2019-09-15 02:23:07'),
(227, 100, 'Dr. Raul Brekke', '', 'L', 'Islam', '725 Dickens Manors Apt. 487\nReystad, WV 73237-6085', 'NULL', '2019-09-15 02:23:07', '2019-09-15 02:23:07'),
(228, 100, 'Elbert Bednar', '', 'P', 'Kristen', '4431 Altenwerth Fords Apt. 734\nJermeyton, MD 62108', 'NULL', '2019-09-15 02:23:07', '2019-09-15 02:23:07'),
(229, 100, 'Laney Rolfson', '', 'L', 'Katolik', '62694 Meaghan Summit\nPort Lori, OR 43067', 'NULL', '2019-09-15 02:23:07', '2019-09-15 02:23:07'),
(230, 100, 'Taya Keebler', '', 'L', 'Kristen', '7754 Dee Mission\nNew Monica, AR 78327-9001', 'NULL', '2019-09-15 02:23:07', '2019-09-15 02:23:07'),
(231, 100, 'Lemuel Schneider', '', 'L', 'Islam', '80861 Schaefer Orchard\nSouth Ryann, AK 61862', 'NULL', '2019-09-15 02:23:07', '2019-09-15 02:23:07'),
(232, 100, 'Aliyah Feest', '', 'L', 'Islam', '650 Heller Heights Suite 280\nAmparochester, LA 56636', 'NULL', '2019-09-15 02:23:07', '2019-09-15 02:23:07'),
(233, 100, 'Mabel Hill', '', 'L', 'Katolik', '59382 Francesco Harbors\nMcClurechester, NH 43515-7503', 'NULL', '2019-09-15 02:23:07', '2019-09-15 02:23:07'),
(234, 100, 'Litzy Ritchie', '', 'P', 'Katolik', '340 Will Ports\nRebekastad, SC 61213-5453', 'NULL', '2019-09-15 02:23:07', '2019-09-15 02:23:07'),
(235, 100, 'Erling Jakubowski III', '', 'L', 'Katolik', '9318 Kassulke Overpass Apt. 677\nDakotaside, CT 96039-5273', 'NULL', '2019-09-15 02:23:07', '2019-09-15 02:23:07'),
(236, 100, 'Prof. Mason Fay', '', 'P', 'Islam', '64814 Kirlin Circle\nDestineyhaven, WI 29455-5603', 'NULL', '2019-09-15 02:23:07', '2019-09-15 02:23:07'),
(237, 100, 'Emie Feest', '', 'P', 'Islam', '34083 Kirlin Plain Apt. 555\nSouth Foster, NM 69552-1098', 'NULL', '2019-09-15 02:23:07', '2019-09-15 02:23:07'),
(238, 100, 'Prof. Victor Metz', '', 'P', 'Katolik', '19469 Beahan Valley\nIdellafurt, SD 48911-7981', 'NULL', '2019-09-15 02:23:07', '2019-09-15 02:23:07'),
(239, 100, 'Dallin Hartmann', '', 'L', 'Kristen', '335 Annie Square\nLake Olemouth, DC 95515-1260', 'NULL', '2019-09-15 02:23:07', '2019-09-15 02:23:07'),
(240, 100, 'Dr. Jerod Eichmann', '', 'P', 'Hindu', '6794 Skiles View Suite 796\nModestabury, ME 62431-7984', 'NULL', '2019-09-15 02:23:07', '2019-09-15 02:23:07'),
(241, 100, 'Pearlie Kreiger I', '', 'L', 'Katolik', '37291 Gunnar Ports\nPort Flavioland, WA 70855', 'NULL', '2019-09-15 02:23:08', '2019-09-15 02:23:08'),
(242, 100, 'Randal O\'Hara', '', 'L', 'Budha', '65142 Sadye Avenue\nPort Dudley, LA 72955', 'NULL', '2019-09-15 02:23:08', '2019-09-15 02:23:08'),
(243, 100, 'Miss Genoveva Daugherty', '', 'L', 'Kristen', '44398 Dicki Rapids\nO\'Reillyberg, AK 67731', 'NULL', '2019-09-15 02:23:08', '2019-09-15 02:23:08'),
(244, 100, 'Mrs. Erica Conroy', '', 'L', 'Islam', '263 Carmella Lakes\nRauville, CO 15389-7582', 'NULL', '2019-09-15 02:23:08', '2019-09-15 02:23:08'),
(245, 100, 'Laurianne Grimes', '', 'P', 'Kristen', '88784 Hailie Shores Apt. 898\nShanahanburgh, DC 04903-9629', 'NULL', '2019-09-15 02:23:08', '2019-09-15 02:23:08'),
(246, 100, 'Dr. Anjali Gusikowski DDS', '', 'P', 'Budha', '32259 Johns Parkway\nNorth Lydia, FL 65865', 'NULL', '2019-09-15 02:23:08', '2019-09-15 02:23:08'),
(247, 100, 'Davonte McKenzie', '', 'L', 'Katolik', '7043 Rogahn Hill\nEast Leif, FL 34328', 'NULL', '2019-09-15 02:23:08', '2019-09-15 02:23:08'),
(248, 100, 'Mae Klocko III', '', 'P', 'Katolik', '690 Rhea Spurs Suite 500\nPattieburgh, DE 25949', 'NULL', '2019-09-15 02:23:08', '2019-09-15 02:23:08'),
(249, 100, 'Dortha Cassin', '', 'P', 'Hindu', '7005 Cecile Meadows Suite 267\nRohanshire, NJ 33991-1295', 'NULL', '2019-09-15 02:23:08', '2019-09-15 02:23:08'),
(250, 100, 'Fiona Howe', '', 'L', 'Budha', '421 Pfeffer Spring Apt. 530\nWest Milfordborough, MD 98130-8527', 'NULL', '2019-09-15 02:23:08', '2019-09-15 02:23:08'),
(251, 100, 'Mr. Garth Hodkiewicz', '', 'P', 'Hindu', '9224 Jacobs Mountains\nPort Briana, PA 86222-2646', 'NULL', '2019-09-15 02:23:08', '2019-09-15 02:23:08'),
(252, 100, 'Freda Gottlieb', '', 'L', 'Islam', '621 Batz Islands Apt. 556\nWest Erickaton, CO 94912-3458', 'NULL', '2019-09-15 02:23:08', '2019-09-15 02:23:08'),
(253, 100, 'Mrs. Kirsten Rohan V', '', 'P', 'Kristen', '2690 Meaghan Ville\nSengerport, TN 36119-1981', 'NULL', '2019-09-15 02:23:08', '2019-09-15 02:23:08'),
(254, 100, 'Brielle Bradtke', '', 'P', 'Katolik', '2605 Frederique Mews Apt. 619\nHenryberg, AZ 60890-7486', 'NULL', '2019-09-15 02:23:08', '2019-09-15 02:23:08'),
(255, 100, 'Harley King', '', 'P', 'Kristen', '356 Altenwerth Lodge Suite 835\nPerryburgh, HI 38117', 'NULL', '2019-09-15 02:23:08', '2019-09-15 02:23:08'),
(256, 100, 'Carlos Waters', '', 'L', 'Katolik', '157 Maida Harbors\nEast Monatown, AR 26826-6146', 'NULL', '2019-09-15 02:23:08', '2019-09-15 02:23:08'),
(257, 100, 'Ally Bins', '', 'L', 'Hindu', '92605 Josianne Unions\nHermistonborough, AZ 46845', 'NULL', '2019-09-15 02:23:08', '2019-09-15 02:23:08'),
(258, 100, 'Adela Emmerich', '', 'P', 'Katolik', '6829 Deven Circle Suite 784\nLavonneburgh, NV 39894', 'NULL', '2019-09-15 02:23:08', '2019-09-15 02:23:08'),
(259, 100, 'Dr. Wendy Murray Jr.', '', 'L', 'Kristen', '381 Legros Burg\nWilfridbury, KS 53486', 'NULL', '2019-09-15 02:23:08', '2019-09-15 02:23:08'),
(260, 100, 'Presley Fahey', '', 'P', 'Budha', '19071 Beer Squares Apt. 044\nCraigstad, CO 29115-0369', 'NULL', '2019-09-15 02:23:08', '2019-09-15 02:23:08'),
(261, 100, 'Haskell Fay', '', 'P', 'Katolik', '24541 Theresia Freeway\nPfannerstillfort, AK 76468', 'NULL', '2019-09-15 02:23:08', '2019-09-15 02:23:08'),
(262, 100, 'Adriana Schumm', '', 'L', 'Islam', '7024 Torp Crossroad Apt. 144\nNorth Amyamouth, OK 22528-3835', 'NULL', '2019-09-15 02:23:08', '2019-09-15 02:23:08'),
(263, 100, 'Alessandra Mante', '', 'L', 'Islam', '81849 Mohr Common Apt. 237\nSouth Flavio, PA 58573', 'NULL', '2019-09-15 02:23:08', '2019-09-15 02:23:08'),
(264, 100, 'Mariana Hauck III', '', 'L', 'Katolik', '382 Cleve Track\nEast Kyleland, AZ 05254', 'NULL', '2019-09-15 02:23:08', '2019-09-15 02:23:08'),
(265, 100, 'Dr. Toney Gaylord', '', 'P', 'Katolik', '622 Wilford Run Suite 182\nWest Easterland, NV 55477', 'NULL', '2019-09-15 02:23:08', '2019-09-15 02:23:08'),
(266, 100, 'Aiyana Luettgen II', '', 'L', 'Katolik', '666 Hermiston Mount Apt. 688\nEffertztown, IN 01388', 'NULL', '2019-09-15 02:23:08', '2019-09-15 02:23:08'),
(267, 100, 'Niko Swaniawski', '', 'P', 'Islam', '137 Deja Fields Apt. 168\nWinfieldberg, MD 21503-2220', 'NULL', '2019-09-15 02:23:08', '2019-09-15 02:23:08'),
(268, 100, 'Ivy Gerhold', '', 'P', 'Hindu', '239 Wyatt Curve\nEast Ferneshire, IL 19512', 'NULL', '2019-09-15 02:23:09', '2019-09-15 02:23:09'),
(269, 100, 'Dr. Bella Pfannerstill V', '', 'P', 'Islam', '49020 Dimitri Roads Apt. 665\nCeasarstad, HI 55720-7570', 'NULL', '2019-09-15 02:23:09', '2019-09-15 02:23:09'),
(270, 100, 'Prof. Pearlie Ortiz MD', '', 'P', 'Kristen', '452 Lebsack Flat Apt. 588\nWest Mario, RI 58425-6941', 'NULL', '2019-09-15 02:23:09', '2019-09-15 02:23:09'),
(271, 100, 'Dr. Keanu Runolfsdottir I', '', 'P', 'Kristen', '674 Gerhold Plaza\nSouth Litzymouth, VA 08316-8740', 'NULL', '2019-09-15 02:23:09', '2019-09-15 02:23:09'),
(272, 100, 'Dr. Hilton Wiegand DVM', '', 'P', 'Islam', '8497 Waldo Well\nNorth Layla, NC 60307', 'NULL', '2019-09-15 02:23:09', '2019-09-15 02:23:09'),
(273, 100, 'Yasmin Price', '', 'L', 'Kristen', '1312 Vincent Harbors\nEddport, UT 93233', 'NULL', '2019-09-15 02:23:09', '2019-09-15 02:23:09'),
(274, 100, 'Ivy Mann', '', 'P', 'Katolik', '87488 Herman Freeway Apt. 569\nSchmidthaven, NY 19831-3029', 'NULL', '2019-09-15 02:23:09', '2019-09-15 02:23:09'),
(275, 100, 'Mrs. Abigale Jones Jr.', '', 'L', 'Budha', '671 Rosalyn Spurs Suite 739\nNew Kamillechester, CO 42296', 'NULL', '2019-09-15 02:23:09', '2019-09-15 02:23:09'),
(276, 100, 'Clay Brown', '', 'P', 'Budha', '9171 Laura Coves\nDarlenemouth, OH 36076', 'NULL', '2019-09-15 02:23:09', '2019-09-15 02:23:09'),
(277, 100, 'Keven Ward Sr.', '', 'L', 'Katolik', '81729 Maria Field Apt. 719\nEast Frankstad, MS 59893-0744', 'NULL', '2019-09-15 02:23:09', '2019-09-15 02:23:09'),
(278, 100, 'Lambert Ankunding', '', 'P', 'Katolik', '95370 Ryan Courts\nKuphalside, NJ 33010-3929', 'NULL', '2019-09-15 02:23:09', '2019-09-15 02:23:09'),
(279, 100, 'Jonathan Kautzer', '', 'L', 'Kristen', '648 Schmitt Stream Suite 025\nEast Katelin, ND 68276-2055', 'NULL', '2019-09-15 02:23:09', '2019-09-15 02:23:09'),
(280, 100, 'Mossie Parker', '', 'P', 'Islam', '456 Irwin Square\nRauside, FL 83500', 'NULL', '2019-09-15 02:23:09', '2019-09-15 02:23:09'),
(281, 100, 'Dr. Hermann Lebsack', '', 'P', 'Budha', '749 Talon Corner\nHymanton, WV 55186', 'NULL', '2019-09-15 02:23:09', '2019-09-15 02:23:09'),
(282, 100, 'Jarrod Glover', '', 'L', 'Islam', '794 Reichert Pass Suite 868\nLudieberg, SC 94515-8095', 'NULL', '2019-09-15 02:23:09', '2019-09-15 02:23:09'),
(283, 100, 'Mr. John Conroy MD', '', 'L', 'Kristen', '31712 Arianna Ferry Apt. 596\nNew Tracyhaven, HI 74562', 'NULL', '2019-09-15 02:23:09', '2019-09-15 02:23:09'),
(284, 100, 'Herman Spinka', '', 'L', 'Islam', '537 Heaven Ranch\nLake Lavernaport, AZ 55479', 'NULL', '2019-09-15 02:23:09', '2019-09-15 02:23:09'),
(285, 100, 'Manuel Haley', '', 'L', 'Katolik', '2317 Fadel Rest Suite 090\nAldenville, TN 01339', 'NULL', '2019-09-15 02:23:09', '2019-09-15 02:23:09'),
(286, 100, 'Dr. Whitney Shanahan Sr.', '', 'P', 'Kristen', '5077 Jast Harbor Suite 514\nNew Ethachester, DC 48155-6786', 'NULL', '2019-09-15 02:23:09', '2019-09-15 02:23:09'),
(287, 100, 'Dr. Sidney Schamberger', '', 'L', 'Kristen', '7397 Schmeler Rue Suite 742\nFaheyside, NV 36855-3286', 'NULL', '2019-09-15 02:23:09', '2019-09-15 02:23:09'),
(288, 100, 'Ransom Hettinger DDS', '', 'P', 'Islam', '202 Antonia Spur\nRennerhaven, VT 40707', 'NULL', '2019-09-15 02:23:09', '2019-09-15 02:23:09'),
(289, 100, 'Jaydon Volkman', '', 'P', 'Islam', '752 Rory Manor\nEast Lacyfort, WI 43512', 'NULL', '2019-09-15 02:23:10', '2019-09-15 02:23:10'),
(290, 100, 'Dr. Darrin Gottlieb', '', 'L', 'Budha', '112 Jamir Junction\nPort Spencerburgh, OK 67737', 'NULL', '2019-09-15 02:23:10', '2019-09-15 02:23:10'),
(291, 100, 'Katharina Homenick', '', 'L', 'Kristen', '26516 Carol Inlet\nNorth Karolann, NH 56297', 'NULL', '2019-09-15 02:23:10', '2019-09-15 02:23:10'),
(292, 100, 'Ms. Ethelyn Turcotte DDS', '', 'P', 'Budha', '650 Brown Springs\nEdisonport, SD 16354-0242', 'NULL', '2019-09-15 02:23:10', '2019-09-15 02:23:10'),
(293, 100, 'Jody Kuphal', '', 'L', 'Katolik', '23745 Schaden Estates Apt. 279\nEast Alexandrea, AK 86847-2333', 'NULL', '2019-09-15 02:23:10', '2019-09-15 02:23:10'),
(294, 100, 'Cristina Heathcote', '', 'P', 'Budha', '3305 Pouros Landing\nNew Sydneymouth, MD 81263', 'NULL', '2019-09-15 02:23:10', '2019-09-15 02:23:10'),
(295, 100, 'Mrs. Itzel Gleason', '', 'P', 'Kristen', '548 Kerluke Meadows\nSouth Angelica, ME 61295', 'NULL', '2019-09-15 02:23:10', '2019-09-15 02:23:10'),
(296, 100, 'Patsy Maggio', '', 'L', 'Budha', '3120 Schaefer Land Apt. 930\nSouth Jazmin, IA 16290', 'NULL', '2019-09-15 02:23:10', '2019-09-15 02:23:10'),
(297, 100, 'Greg Dickinson', '', 'P', 'Budha', '414 Roslyn Ridges\nWest Cicerofort, CO 76799', 'NULL', '2019-09-15 02:23:10', '2019-09-15 02:23:10'),
(298, 100, 'Janessa Ernser', '', 'L', 'Islam', '9362 Schuppe Circle\nWest Onieton, OR 37757', 'NULL', '2019-09-15 02:23:10', '2019-09-15 02:23:10'),
(299, 100, 'Karen Bailey', '', 'L', 'Katolik', '630 Cornell River\nSouth Sibyl, IA 78505', 'NULL', '2019-09-15 02:23:10', '2019-09-15 02:23:10'),
(300, 100, 'Aryanna Willms', '', 'P', 'Katolik', '1977 Oliver Crossing\nLake Sibyl, MD 54369', 'NULL', '2019-09-15 02:23:10', '2019-09-15 02:23:10'),
(301, 100, 'Dr. Benjamin Kunze II', '', 'L', 'Hindu', '4396 Lizzie Mills\nPort Devante, OK 86815', 'NULL', '2019-09-15 02:23:10', '2019-09-15 02:23:10'),
(302, 100, 'Russell Gerhold DDS', '', 'P', 'Hindu', '8201 Raynor Spring\nAliport, MS 17694', 'NULL', '2019-09-15 02:23:10', '2019-09-15 02:23:10'),
(303, 100, 'Dr. Fermin Little', '', 'L', 'Budha', '4019 Botsford Ferry Suite 645\nDanykamouth, OK 98194', 'NULL', '2019-09-15 02:23:10', '2019-09-15 02:23:10'),
(304, 100, 'Dorothea Schowalter', '', 'L', 'Islam', '26993 Rutherford Hills Suite 240\nMarcoston, IL 55741-0214', 'NULL', '2019-09-15 02:23:10', '2019-09-15 02:23:10'),
(305, 100, 'Macy Waters', '', 'P', 'Kristen', '3281 Michael Route Apt. 469\nBeierview, CO 96707-7357', 'NULL', '2019-09-15 02:23:10', '2019-09-15 02:23:10'),
(306, 100, 'Prof. Theresa Kemmer', '', 'P', 'Katolik', '59976 Herbert Point\nIsadoremouth, WA 52265', 'NULL', '2019-09-15 02:23:10', '2019-09-15 02:23:10'),
(307, 100, 'Wanda Gorczany', '', 'L', 'Katolik', '9200 Hoeger Mountain\nWest Lilyanland, AL 38124-6198', 'NULL', '2019-09-15 02:23:10', '2019-09-15 02:23:10'),
(308, 100, 'Mrs. Lea Stiedemann DVM', '', 'P', 'Kristen', '64104 Gutkowski Ways\nNew Albert, ME 15198', 'NULL', '2019-09-15 02:23:10', '2019-09-15 02:23:10'),
(309, 100, 'Ana Bednar', '', 'L', 'Hindu', '32756 Blick Rapids\nMacshire, VT 77356-2440', 'NULL', '2019-09-15 02:23:10', '2019-09-15 02:23:10'),
(310, 100, 'Mayra Simonis MD', '', 'P', 'Islam', '2083 Cassandre Roads Suite 854\nZemlakshire, CO 90525', 'NULL', '2019-09-15 02:23:10', '2019-09-15 02:23:10'),
(311, 100, 'Gudrun Spinka', '', 'L', 'Hindu', '110 Alessandro Street Apt. 374\nPort Graciemouth, KY 86181', 'NULL', '2019-09-15 02:23:10', '2019-09-15 02:23:10'),
(312, 100, 'Cora Jakubowski', '', 'L', 'Hindu', '3162 Alexanne Drive Suite 877\nPort Jairoview, NJ 54064-6763', 'NULL', '2019-09-15 02:23:10', '2019-09-15 02:23:10'),
(313, 100, 'Dudley Hackett', '', 'L', 'Budha', '40627 Lilliana Alley Apt. 536\nWest Sadie, LA 08913-8679', 'NULL', '2019-09-15 02:23:10', '2019-09-15 02:23:10'),
(314, 100, 'Mr. Ricardo Mueller V', '', 'P', 'Hindu', '891 Boyer Wells\nBeckerland, VA 59852', 'NULL', '2019-09-15 02:23:10', '2019-09-15 02:23:10'),
(315, 100, 'Mrs. Shaina Pfeffer IV', '', 'L', 'Hindu', '47200 Schimmel Shoal Apt. 299\nJohnstonchester, KS 10921', 'NULL', '2019-09-15 02:23:10', '2019-09-15 02:23:10'),
(316, 100, 'Dr. Ariel Wehner IV', '', 'L', 'Hindu', '870 Bryce Square Suite 816\nErvinview, SC 84156-9234', 'NULL', '2019-09-15 02:23:10', '2019-09-15 02:23:10'),
(317, 100, 'Monique Bins Jr.', '', 'L', 'Islam', '9525 Tina Viaduct Suite 891\nLakinmouth, GA 92090', 'NULL', '2019-09-15 02:23:11', '2019-09-15 02:23:11'),
(318, 100, 'Norberto Kling', '', 'L', 'Islam', '41051 Mabel Courts\nNoblestad, SC 08198-8290', 'NULL', '2019-09-15 02:23:11', '2019-09-15 02:23:11'),
(319, 100, 'Rebeca Hodkiewicz', '', 'P', 'Budha', '206 Collier Groves Apt. 913\nLake Roger, LA 08727', 'NULL', '2019-09-15 02:23:11', '2019-09-15 02:23:11'),
(320, 100, 'Abraham Kilback', '', 'P', 'Hindu', '653 Lueilwitz Harbor\nLake Odessahaven, HI 96898-8992', 'NULL', '2019-09-15 02:23:11', '2019-09-15 02:23:11'),
(321, 100, 'Mrs. Alycia Lebsack DVM', '', 'L', 'Hindu', '46463 Serena Glens\nLednerport, CA 93158', 'NULL', '2019-09-15 02:23:11', '2019-09-15 02:23:11'),
(322, 100, 'Gene Okuneva', '', 'P', 'Kristen', '1507 Bertram Mission\nHymanhaven, MO 92581', 'NULL', '2019-09-15 02:23:11', '2019-09-15 02:23:11'),
(323, 100, 'Tia Cremin', '', 'L', 'Hindu', '954 Shayna Ranch\nNew Freedaville, LA 62851', 'NULL', '2019-09-15 02:23:11', '2019-09-15 02:23:11'),
(324, 100, 'Burley Stokes', '', 'P', 'Kristen', '84493 VonRueden Views\nNorth Tillman, CA 07906-5509', 'NULL', '2019-09-15 02:23:11', '2019-09-15 02:23:11'),
(325, 100, 'Prof. Jamel Bernhard', '', 'L', 'Islam', '5330 Stanford Heights\nRamonashire, AZ 06565-5842', 'NULL', '2019-09-15 02:23:11', '2019-09-15 02:23:11'),
(326, 100, 'Ms. Maud Wunsch V', '', 'P', 'Islam', '42676 Keebler Corner\nPort Bailee, NE 63219', 'NULL', '2019-09-15 02:23:11', '2019-09-15 02:23:11'),
(327, 100, 'Berta Daniel', '', 'P', 'Hindu', '4891 Hegmann Plains Suite 030\nPort Chandler, PA 73993-2369', 'NULL', '2019-09-15 02:23:11', '2019-09-15 02:23:11'),
(328, 100, 'Kassandra Gulgowski', '', 'L', 'Katolik', '17080 Blanda Port Suite 278\nLake Imamouth, AK 25445', 'NULL', '2019-09-15 02:23:11', '2019-09-15 02:23:11'),
(329, 100, 'Mylene Bartoletti', '', 'L', 'Islam', '529 Shanon Crossing Suite 817\nSouth Orland, MI 91231-9323', 'NULL', '2019-09-15 02:23:11', '2019-09-15 02:23:11'),
(330, 100, 'Marshall Auer', '', 'P', 'Katolik', '6607 Friesen Meadows\nVandervorttown, KS 14363-0739', 'NULL', '2019-09-15 02:23:11', '2019-09-15 02:23:11'),
(331, 100, 'Briana Runte', '', 'L', 'Kristen', '9082 Eloy Park Suite 277\nEast Jadaview, CT 33288', 'NULL', '2019-09-15 02:23:11', '2019-09-15 02:23:11'),
(332, 100, 'Melany Johnston', '', 'L', 'Islam', '518 Batz Mountains Suite 258\nGottliebchester, WI 20793-5068', 'NULL', '2019-09-15 02:23:11', '2019-09-15 02:23:11'),
(333, 100, 'Robert Schamberger', '', 'L', 'Katolik', '273 Luigi Route Apt. 569\nCaliview, AK 32560', 'NULL', '2019-09-15 02:23:11', '2019-09-15 02:23:11'),
(334, 100, 'Juliana Schinner', '', 'P', 'Kristen', '990 Abbey Junction\nGerholdland, CO 85532', 'NULL', '2019-09-15 02:23:11', '2019-09-15 02:23:11'),
(335, 100, 'Jordon Eichmann', '', 'P', 'Hindu', '95416 Antonina Inlet\nPort Laurynshire, MD 92834', 'NULL', '2019-09-15 02:23:11', '2019-09-15 02:23:11'),
(336, 100, 'Omer Streich', '', 'P', 'Budha', '12405 Jake Garden Apt. 952\nTorpburgh, CA 88268', 'NULL', '2019-09-15 02:23:11', '2019-09-15 02:23:11');
INSERT INTO `siswa` (`id`, `user_id`, `nama_depan`, `nama_belakang`, `jenis_kelamin`, `agama`, `alamat`, `avatar`, `created_at`, `updated_at`) VALUES
(337, 100, 'Chasity Pfannerstill', '', 'P', 'Kristen', '5230 Ted Junctions Suite 662\nSchillerhaven, VA 31198', 'NULL', '2019-09-15 02:23:11', '2019-09-15 02:23:11'),
(338, 100, 'Lindsey Yost', '', 'P', 'Kristen', '7392 Howell Dam\nNew Afton, CA 88216-4945', 'NULL', '2019-09-15 02:23:11', '2019-09-15 02:23:11'),
(339, 100, 'Solon Rau', '', 'L', 'Katolik', '7090 Esther Drive\nBryanaland, ME 29650-9964', 'NULL', '2019-09-15 02:23:12', '2019-09-15 02:23:12'),
(340, 100, 'Monty Dietrich', '', 'P', 'Katolik', '8063 Botsford Shoals\nLake Luella, LA 21784-7466', 'NULL', '2019-09-15 02:23:12', '2019-09-15 02:23:12'),
(341, 100, 'Cassidy D\'Amore', '', 'P', 'Katolik', '69551 Schiller Mountains\nNorth Kaleyshire, IL 55314', 'NULL', '2019-09-15 02:23:12', '2019-09-15 02:23:12'),
(342, 100, 'Mr. Dominic Schinner V', '', 'L', 'Islam', '2058 Hills Lodge\nClemenshaven, CT 02836-7270', 'NULL', '2019-09-15 02:23:12', '2019-09-15 02:23:12'),
(343, 100, 'Salvatore Sporer Jr.', '', 'P', 'Budha', '398 Marcelina Bridge\nNorth Domingochester, WI 73450-1196', 'NULL', '2019-09-15 02:23:12', '2019-09-15 02:23:12'),
(344, 100, 'Lura Pouros', '', 'L', 'Katolik', '72579 Jaycee Radial\nBrakushaven, IA 36158-0095', 'NULL', '2019-09-15 02:23:12', '2019-09-15 02:23:12'),
(345, 100, 'Vernice Kautzer II', '', 'P', 'Katolik', '353 Danny Route Apt. 326\nNorth Vern, PA 26684', 'NULL', '2019-09-15 02:23:12', '2019-09-15 02:23:12'),
(346, 100, 'Kole Funk', '', 'P', 'Budha', '9210 Mueller Pass Suite 795\nEast Hilariotown, LA 32338-6044', 'NULL', '2019-09-15 02:23:12', '2019-09-15 02:23:12'),
(347, 100, 'Lavon Cassin', '', 'L', 'Islam', '383 Stamm Gateway Suite 518\nMetzchester, AR 04929-3169', 'NULL', '2019-09-15 02:23:12', '2019-09-15 02:23:12'),
(348, 100, 'Daryl Padberg DVM', '', 'L', 'Budha', '43036 Schroeder Falls Suite 280\nBeahanland, WY 19860-1358', 'NULL', '2019-09-15 02:23:12', '2019-09-15 02:23:12'),
(349, 100, 'Prof. Rod Abbott', '', 'P', 'Budha', '402 Euna Haven Apt. 273\nMoenhaven, WI 26589-8835', 'NULL', '2019-09-15 02:23:12', '2019-09-15 02:23:12'),
(350, 100, 'Winfield Maggio PhD', '', 'L', 'Hindu', '6731 Crona Fields Suite 787\nPort Mittiechester, ID 20573-6391', 'NULL', '2019-09-15 02:23:12', '2019-09-15 02:23:12'),
(351, 100, 'Leatha Wisoky', '', 'L', 'Kristen', '550 Clifford Hollow Suite 107\nEast Bertram, PA 27608-1713', 'NULL', '2019-09-15 02:23:12', '2019-09-15 02:23:12'),
(352, 100, 'Gordon Donnelly', '', 'P', 'Kristen', '4127 Bode Street Suite 986\nPort Albin, SC 87124-5774', 'NULL', '2019-09-15 02:23:12', '2019-09-15 02:23:12'),
(353, 100, 'Dora Howe III', '', 'P', 'Budha', '428 Leannon Street\nTheabury, MT 62348-2740', 'NULL', '2019-09-15 02:23:12', '2019-09-15 02:23:12'),
(354, 100, 'Ms. Rosemarie Osinski IV', '', 'P', 'Budha', '81949 Jane Ports Apt. 230\nRomatown, AL 66819-1788', 'NULL', '2019-09-15 02:23:12', '2019-09-15 02:23:12'),
(355, 100, 'Stefanie Bosco', '', 'P', 'Islam', '3423 Haag Way Apt. 186\nNorth Glennie, MD 73079', 'NULL', '2019-09-15 02:23:12', '2019-09-15 02:23:12'),
(356, 100, 'Shemar Ankunding', '', 'L', 'Islam', '499 Danielle Path\nEast Amy, UT 27227', 'NULL', '2019-09-15 02:23:12', '2019-09-15 02:23:12'),
(357, 100, 'Aurelia King', '', 'P', 'Kristen', '2992 Jairo Bridge Suite 159\nAmietown, LA 24065', 'NULL', '2019-09-15 02:23:12', '2019-09-15 02:23:12'),
(358, 100, 'Dr. Beryl Cartwright', '', 'L', 'Hindu', '3352 Brock Lodge Suite 260\nPort Samanta, FL 46478', 'NULL', '2019-09-15 02:23:12', '2019-09-15 02:23:12'),
(359, 100, 'Dr. Lorenza D\'Amore', '', 'L', 'Islam', '9005 Barton Via Apt. 394\nEzequielview, NY 12132', 'NULL', '2019-09-15 02:23:12', '2019-09-15 02:23:12'),
(360, 100, 'Bella Lockman', '', 'L', 'Katolik', '70767 Zander Drive\nLake Monserrate, HI 12595-9949', 'NULL', '2019-09-15 02:23:12', '2019-09-15 02:23:12'),
(361, 100, 'Bethany Hackett', '', 'P', 'Hindu', '7274 Elyssa Islands Apt. 579\nWest Karlee, HI 77662', 'NULL', '2019-09-15 02:23:13', '2019-09-15 02:23:13'),
(362, 100, 'Kaylie Jacobson', '', 'L', 'Hindu', '173 Warren Plains Apt. 828\nBoscofort, IN 67911-4815', 'NULL', '2019-09-15 02:23:13', '2019-09-15 02:23:13'),
(363, 100, 'Mr. Zander Considine', '', 'P', 'Kristen', '93123 Stewart Via\nAbbottmouth, FL 40319-9725', 'NULL', '2019-09-15 02:23:13', '2019-09-15 02:23:13'),
(364, 100, 'Jayden Gleason', '', 'L', 'Kristen', '894 Powlowski Ridges\nDuBuqueberg, NJ 05177-4204', 'NULL', '2019-09-15 02:23:13', '2019-09-15 02:23:13'),
(365, 100, 'Cayla Abbott', '', 'P', 'Islam', '178 Hammes Mission\nJulianaland, NE 96306-5255', 'NULL', '2019-09-15 02:23:13', '2019-09-15 02:23:13'),
(366, 100, 'Miss Mariela Fritsch MD', '', 'L', 'Islam', '508 Abshire Heights\nEast Jacquesbury, NH 19770-3246', 'NULL', '2019-09-15 02:23:13', '2019-09-15 02:23:13'),
(367, 100, 'Alvis Champlin', '', 'L', 'Hindu', '1145 Champlin Islands Suite 131\nNew Odaton, AR 77311', 'NULL', '2019-09-15 02:23:13', '2019-09-15 02:23:13'),
(368, 100, 'Prof. Doyle Wisozk DVM', '', 'P', 'Islam', '113 Aida Mountain\nNorth Ephraimport, VT 73077', 'NULL', '2019-09-15 02:23:13', '2019-09-15 02:23:13'),
(369, 100, 'Timmy McGlynn', '', 'L', 'Kristen', '58823 Ardith Isle Apt. 875\nBernardfurt, NC 19924-3048', 'NULL', '2019-09-15 02:23:13', '2019-09-15 02:23:13'),
(370, 100, 'Hattie Jerde', '', 'P', 'Budha', '89470 Anita Squares\nAbrahamburgh, AR 78086-2951', 'NULL', '2019-09-15 02:23:13', '2019-09-15 02:23:13'),
(371, 100, 'Rory Kihn', '', 'L', 'Islam', '9967 Kris Ports Apt. 254\nCristalton, NY 03567-0830', 'NULL', '2019-09-15 02:23:14', '2019-09-15 02:23:14'),
(372, 100, 'Jacynthe Hoppe', '', 'L', 'Islam', '8324 Mariane Junctions Apt. 013\nSamirport, TX 04097', 'NULL', '2019-09-15 02:23:14', '2019-09-15 02:23:14'),
(373, 100, 'Dr. Harold Kunze', '', 'P', 'Budha', '6116 Robel Courts Apt. 805\nSouth Laila, GA 24442-5008', 'NULL', '2019-09-15 02:23:14', '2019-09-15 02:23:14'),
(374, 100, 'Darrel Hudson I', '', 'L', 'Kristen', '27382 Krista Wells Apt. 804\nEast Viola, ME 47601-1542', 'NULL', '2019-09-15 02:23:14', '2019-09-15 02:23:14'),
(375, 100, 'Jakayla Smitham', '', 'L', 'Kristen', '567 Barton Courts\nGoyettechester, WA 37654-9011', 'NULL', '2019-09-15 02:23:14', '2019-09-15 02:23:14'),
(376, 100, 'Alize Gorczany', '', 'L', 'Kristen', '9148 Bogan Land Apt. 312\nNorth Mariettatown, AR 26816', 'NULL', '2019-09-15 02:23:14', '2019-09-15 02:23:14'),
(377, 100, 'Dr. Demetrius Kohler', '', 'P', 'Katolik', '208 Davis Loop\nSouth Deonteshire, UT 10851', 'NULL', '2019-09-15 02:23:14', '2019-09-15 02:23:14'),
(378, 100, 'Leonor Anderson', '', 'P', 'Kristen', '3837 Schiller Falls Apt. 277\nHeathcoteport, NC 86065-5453', 'NULL', '2019-09-15 02:23:14', '2019-09-15 02:23:14'),
(379, 100, 'Gwendolyn Hoppe', '', 'P', 'Budha', '2901 Williamson Walk\nDayneton, VT 66919', 'NULL', '2019-09-15 02:23:14', '2019-09-15 02:23:14'),
(380, 100, 'Letitia Cole', '', 'L', 'Kristen', '94329 Quinten Center Suite 216\nNorth Dayanaberg, RI 19081', 'NULL', '2019-09-15 02:23:14', '2019-09-15 02:23:14'),
(381, 100, 'Mr. Rick Fadel', '', 'L', 'Hindu', '1360 Kristina Ferry Apt. 649\nLake Spencer, NM 41795-6663', 'NULL', '2019-09-15 02:23:14', '2019-09-15 02:23:14'),
(382, 100, 'Cathrine Witting IV', '', 'P', 'Hindu', '51151 Katherine Villages Suite 985\nLake Scotty, CO 06886-0163', 'NULL', '2019-09-15 02:23:14', '2019-09-15 02:23:14'),
(383, 100, 'Lizzie Roberts MD', '', 'L', 'Budha', '57607 Shanelle Shore\nSouth Verla, UT 64521-2631', 'NULL', '2019-09-15 02:23:14', '2019-09-15 02:23:14'),
(384, 100, 'Sven Botsford', '', 'P', 'Budha', '78382 Hane Run\nHeidenreichville, IA 44344', 'NULL', '2019-09-15 02:23:14', '2019-09-15 02:23:14'),
(385, 100, 'Ollie Mills PhD', '', 'L', 'Islam', '5579 Toy Court\nRatkemouth, ME 05450-5306', 'NULL', '2019-09-15 02:23:14', '2019-09-15 02:23:14'),
(386, 100, 'Larissa Brown', '', 'P', 'Budha', '49937 Ruthie Radial Suite 255\nNolamouth, MA 18009', 'NULL', '2019-09-15 02:23:14', '2019-09-15 02:23:14'),
(387, 100, 'Heber Brakus', '', 'P', 'Kristen', '72449 Germaine Falls\nNorth Alena, GA 91148-3880', 'NULL', '2019-09-15 02:23:14', '2019-09-15 02:23:14'),
(388, 100, 'Alfredo Lind', '', 'P', 'Budha', '981 Fisher Fords Apt. 581\nLangchester, CT 67386', 'NULL', '2019-09-15 02:23:14', '2019-09-15 02:23:14'),
(389, 100, 'Chase Fadel', '', 'L', 'Hindu', '315 Efrain Point Suite 666\nProsaccoton, VA 56407-0943', 'NULL', '2019-09-15 02:23:14', '2019-09-15 02:23:14'),
(390, 100, 'Bernard Fisher', '', 'P', 'Katolik', '9730 Walter Light Apt. 637\nWest Ahmad, NE 60313', 'NULL', '2019-09-15 02:23:14', '2019-09-15 02:23:14'),
(391, 100, 'Nyasia Jacobson', '', 'L', 'Hindu', '79280 Kristoffer Burg\nHodkiewiczburgh, WI 23345-9844', 'NULL', '2019-09-15 02:23:14', '2019-09-15 02:23:14'),
(392, 100, 'Vallie Gerhold MD', '', 'L', 'Islam', '26128 Annette Plains Suite 903\nNew Keira, WA 81952-2566', 'NULL', '2019-09-15 02:23:14', '2019-09-15 02:23:14'),
(393, 100, 'Valerie Rutherford', '', 'L', 'Budha', '38116 Curtis Mountain Suite 724\nAngelitamouth, OH 98583-9454', 'NULL', '2019-09-15 02:23:14', '2019-09-15 02:23:14'),
(394, 100, 'Selina Murray', '', 'P', 'Hindu', '497 Romaguera Club\nKihnchester, OH 65488', 'NULL', '2019-09-15 02:23:14', '2019-09-15 02:23:14'),
(395, 100, 'Yasmin Gibson PhD', '', 'P', 'Hindu', '83622 Manley Ports Apt. 777\nJaskolskiton, KY 44399', 'NULL', '2019-09-15 02:23:14', '2019-09-15 02:23:14'),
(396, 100, 'Jacklyn Tillman', '', 'L', 'Katolik', '38191 Kuhic Mall Apt. 165\nWest Pansyville, AK 30041', 'NULL', '2019-09-15 02:23:14', '2019-09-15 02:23:14'),
(397, 100, 'Dr. Josiane Turner', '', 'L', 'Katolik', '4080 Royal Ports\nAylinburgh, IN 88571-5453', 'NULL', '2019-09-15 02:23:14', '2019-09-15 02:23:14'),
(398, 100, 'Mr. Dalton Ankunding', '', 'L', 'Katolik', '5042 Harris Prairie\nSouth Aric, MD 35392-0271', 'NULL', '2019-09-15 02:23:14', '2019-09-15 02:23:14'),
(399, 100, 'Miss Opal Mante Jr.', '', 'P', 'Hindu', '555 Macejkovic Glen Apt. 627\nLake Junius, SD 95872-1929', 'NULL', '2019-09-15 02:23:14', '2019-09-15 02:23:14'),
(400, 100, 'Wilhelmine Fay PhD', '', 'P', 'Budha', '895 Jasen Vista\nPaucekview, CO 91275-5264', 'NULL', '2019-09-15 02:23:15', '2019-09-15 02:23:15'),
(401, 100, 'Dessie Wilderman', '', 'P', 'Budha', '19402 Duane Station Suite 059\nEast Ocie, MT 94282', 'NULL', '2019-09-15 02:23:15', '2019-09-15 02:23:15'),
(402, 100, 'Prof. Dejon Langworth DDS', '', 'P', 'Hindu', '138 Sipes Circles Apt. 789\nBaileeville, PA 05433', 'NULL', '2019-09-15 02:23:15', '2019-09-15 02:23:15'),
(403, 100, 'Jalon Langosh', '', 'P', 'Kristen', '772 Celestine Island\nNorth Norene, LA 59723-8098', 'NULL', '2019-09-15 02:23:15', '2019-09-15 02:23:15'),
(404, 100, 'Alex Berge', '', 'L', 'Budha', '75608 Bailey Spurs Suite 525\nMandyfurt, MI 67245-7411', 'NULL', '2019-09-15 02:23:15', '2019-09-15 02:23:15'),
(405, 100, 'Anjali Casper', '', 'L', 'Kristen', '792 John Shore Apt. 501\nNew Tomasaborough, DC 42001', 'NULL', '2019-09-15 02:23:15', '2019-09-15 02:23:15'),
(406, 100, 'Tevin Wunsch', '', 'P', 'Islam', '563 Turner Trail\nSouth Aldenborough, UT 31896-3088', 'NULL', '2019-09-15 02:23:15', '2019-09-15 02:23:15'),
(407, 100, 'Amelie Bartoletti', '', 'L', 'Islam', '4060 Collier Wells Suite 242\nLake Reynold, PA 90163', 'NULL', '2019-09-15 02:23:15', '2019-09-15 02:23:15'),
(408, 100, 'Weston Goyette DDS', '', 'P', 'Budha', '3895 Simeon Mission\nCarrollfurt, NE 67692', 'NULL', '2019-09-15 02:23:15', '2019-09-15 02:23:15'),
(409, 100, 'Keagan Quitzon', '', 'P', 'Kristen', '1830 Shields Parkways\nPort Henryview, LA 90340', 'NULL', '2019-09-15 02:23:15', '2019-09-15 02:23:15'),
(410, 100, 'Prof. Mikel Emard', '', 'L', 'Islam', '2352 Bradly Expressway Suite 803\nHalvorsonton, OR 66115', 'NULL', '2019-09-15 02:23:15', '2019-09-15 02:23:15'),
(411, 100, 'Nils Kulas', '', 'L', 'Budha', '880 Kerluke Camp Suite 901\nLilianaview, MN 19273', 'NULL', '2019-09-15 02:23:15', '2019-09-15 02:23:15'),
(412, 100, 'Cheyanne Champlin', '', 'L', 'Hindu', '2847 Kaley Fords Suite 606\nPort Vincehaven, KS 34925-2162', 'NULL', '2019-09-15 02:23:15', '2019-09-15 02:23:15'),
(413, 100, 'Deonte Parker', '', 'P', 'Islam', '4953 Ellie Ridge\nNew Tressa, KY 94058', 'NULL', '2019-09-15 02:23:15', '2019-09-15 02:23:15'),
(414, 100, 'Prof. Major Quigley', '', 'P', 'Islam', '5925 Elmira Mall Suite 180\nLonniefort, NV 83648-9576', 'NULL', '2019-09-15 02:23:15', '2019-09-15 02:23:15'),
(415, 100, 'Geoffrey Schmitt', '', 'L', 'Budha', '38778 McDermott Cliff\nDeckowmouth, UT 45355-6317', 'NULL', '2019-09-15 02:23:15', '2019-09-15 02:23:15'),
(416, 100, 'Lia Keebler', '', 'P', 'Hindu', '962 Trantow Course\nCasperborough, IA 63934-4323', 'NULL', '2019-09-15 02:23:15', '2019-09-15 02:23:15'),
(417, 100, 'Mr. Steve Herman', '', 'P', 'Katolik', '1569 Jaeden Village\nEast Nyasia, NC 80798', 'NULL', '2019-09-15 02:23:16', '2019-09-15 02:23:16'),
(418, 100, 'Nikolas Weissnat IV', '', 'L', 'Kristen', '3694 Pfannerstill Extensions\nLake Roslynville, SD 41191-1777', 'NULL', '2019-09-15 02:23:16', '2019-09-15 02:23:16'),
(419, 100, 'Conor Jaskolski', '', 'L', 'Islam', '979 Beaulah Mountain Suite 246\nNorth Letha, OR 01906', 'NULL', '2019-09-15 02:23:16', '2019-09-15 02:23:16'),
(420, 100, 'Lavonne Wuckert', '', 'P', 'Budha', '87695 West Fall Apt. 054\nColtontown, NJ 37352-4153', 'NULL', '2019-09-15 02:23:16', '2019-09-15 02:23:16'),
(421, 100, 'Lemuel Ferry', '', 'P', 'Kristen', '5096 Odessa Glens Apt. 762\nSigurdmouth, NH 13117', 'NULL', '2019-09-15 02:23:16', '2019-09-15 02:23:16'),
(422, 100, 'Amya Spinka', '', 'L', 'Islam', '89429 Prince Landing Suite 616\nDanialview, OH 23876-3553', 'NULL', '2019-09-15 02:23:16', '2019-09-15 02:23:16'),
(423, 100, 'Prof. Anna Bayer IV', '', 'P', 'Budha', '9411 Marquardt Gardens Apt. 679\nWardland, MN 33315', 'NULL', '2019-09-15 02:23:16', '2019-09-15 02:23:16'),
(424, 100, 'Darron O\'Connell', '', 'L', 'Islam', '537 Laverne Brook\nBarbaraside, CO 21190-4061', 'NULL', '2019-09-15 02:23:16', '2019-09-15 02:23:16'),
(425, 100, 'Bridget Haag', '', 'L', 'Kristen', '2526 O\'Kon Mission Apt. 044\nChadside, AR 65737-2821', 'NULL', '2019-09-15 02:23:16', '2019-09-15 02:23:16'),
(426, 100, 'Susan Jacobson', '', 'P', 'Kristen', '7592 Emerson Union Suite 146\nMartaside, OH 76098', 'NULL', '2019-09-15 02:23:16', '2019-09-15 02:23:16'),
(427, 100, 'Theo Mann', '', 'L', 'Islam', '45047 Elmer Manor\nLake Rosario, NY 37897-1458', 'NULL', '2019-09-15 02:23:16', '2019-09-15 02:23:16'),
(428, 100, 'Prof. Fredy Welch DDS', '', 'L', 'Kristen', '6862 Estell Course Apt. 966\nEast Annamarieborough, AK 18011', 'NULL', '2019-09-15 02:23:17', '2019-09-15 02:23:17'),
(429, 100, 'Felicity Bartoletti', '', 'P', 'Katolik', '618 Grady Junction\nNew Meaghan, VA 96681-5435', 'NULL', '2019-09-15 02:23:17', '2019-09-15 02:23:17'),
(430, 100, 'Raphaelle Schowalter', '', 'L', 'Budha', '45700 Amya Pine Suite 997\nUllrichfurt, IN 26314-2897', 'NULL', '2019-09-15 02:23:17', '2019-09-15 02:23:17'),
(431, 100, 'Mr. Orlando Durgan', '', 'P', 'Islam', '96650 Mercedes Overpass\nWestberg, HI 50454-4474', 'NULL', '2019-09-15 02:23:17', '2019-09-15 02:23:17'),
(432, 100, 'Frederik Nolan', '', 'P', 'Kristen', '87159 Larkin Stravenue\nSkilesport, TX 02884', 'NULL', '2019-09-15 02:23:17', '2019-09-15 02:23:17'),
(433, 100, 'Emiliano West', '', 'L', 'Islam', '1131 Schiller Ports Apt. 326\nBobbieburgh, TX 73118', 'NULL', '2019-09-15 02:23:17', '2019-09-15 02:23:17'),
(434, 100, 'Mr. Leonard Fay MD', '', 'P', 'Hindu', '1342 Jakubowski Skyway\nPort Jamalton, KS 90946', 'NULL', '2019-09-15 02:23:17', '2019-09-15 02:23:17'),
(435, 100, 'Yasmeen Grady V', '', 'L', 'Islam', '1248 Owen Meadows\nAureliatown, TX 13958-6801', 'NULL', '2019-09-15 02:23:17', '2019-09-15 02:23:17'),
(436, 100, 'Mr. Myron Runte III', '', 'P', 'Budha', '5429 Duncan Knolls Apt. 274\nKreigershire, FL 62428', 'NULL', '2019-09-15 02:23:17', '2019-09-15 02:23:17'),
(437, 100, 'Prof. Abigale Feeney', '', 'P', 'Budha', '4518 Baumbach Vista\nPort Schuylerton, TN 47388-2476', 'NULL', '2019-09-15 02:23:17', '2019-09-15 02:23:17'),
(438, 100, 'Stanton Schinner', '', 'L', 'Hindu', '2644 Quitzon Lane Suite 896\nSouth Caliville, WV 92289', 'NULL', '2019-09-15 02:23:17', '2019-09-15 02:23:17'),
(439, 100, 'Lula Konopelski', '', 'L', 'Kristen', '88654 Charity Trail Suite 785\nNorth Reidland, AZ 83503', 'NULL', '2019-09-15 02:23:18', '2019-09-15 02:23:18'),
(440, 100, 'Domenico Rice PhD', '', 'P', 'Hindu', '5614 Cooper Islands\nLysanneburgh, GA 35244-1488', 'NULL', '2019-09-15 02:23:18', '2019-09-15 02:23:18'),
(441, 100, 'Lester Raynor', '', 'L', 'Budha', '72955 Jalon Fort Suite 715\nLake Juliana, SD 27825', 'NULL', '2019-09-15 02:23:18', '2019-09-15 02:23:18'),
(442, 100, 'Gerson Koepp', '', 'L', 'Kristen', '11232 Kihn Gateway\nBellside, NH 32107', 'NULL', '2019-09-15 02:23:18', '2019-09-15 02:23:18'),
(443, 100, 'Stuart Jerde', '', 'P', 'Katolik', '1356 O\'Hara Radial\nMisaelstad, AZ 03260', 'NULL', '2019-09-15 02:23:18', '2019-09-15 02:23:18'),
(444, 100, 'Jazmyn Pacocha', '', 'P', 'Budha', '423 Theodore Estate\nLake Agustinaberg, DE 60956', 'NULL', '2019-09-15 02:23:18', '2019-09-15 02:23:18'),
(445, 100, 'Donnell Treutel', '', 'L', 'Katolik', '72917 Thiel Light Apt. 356\nNew Jerelshire, KS 31763', 'NULL', '2019-09-15 02:23:18', '2019-09-15 02:23:18'),
(446, 100, 'Prof. Wendell Krajcik', '', 'L', 'Katolik', '568 Mosciski Village\nNorth Alekshire, VT 20238-7642', 'NULL', '2019-09-15 02:23:18', '2019-09-15 02:23:18'),
(447, 100, 'Jerald Orn MD', '', 'L', 'Katolik', '163 Paula Hollow Apt. 239\nNelliehaven, MD 22671', 'NULL', '2019-09-15 02:23:19', '2019-09-15 02:23:19'),
(448, 100, 'Eduardo Gleason', '', 'P', 'Kristen', '7891 Goodwin Squares\nAnnamaebury, MI 83259', 'NULL', '2019-09-15 02:23:19', '2019-09-15 02:23:19'),
(449, 100, 'Cayla Fisher', '', 'P', 'Budha', '615 McKenzie Islands\nAndersonmouth, AZ 56380-6946', 'NULL', '2019-09-15 02:23:19', '2019-09-15 02:23:19'),
(450, 100, 'Prof. Kennedi Brakus', '', 'L', 'Islam', '917 Berge Road\nLangoshport, MI 32816-8416', 'NULL', '2019-09-15 02:23:19', '2019-09-15 02:23:19'),
(451, 100, 'Raven Carroll', '', 'L', 'Budha', '204 Leanna Manors Apt. 733\nBernadineburgh, NC 16782', 'NULL', '2019-09-15 02:23:19', '2019-09-15 02:23:19'),
(452, 100, 'Yazmin Christiansen', '', 'L', 'Hindu', '991 Lubowitz Hollow Apt. 435\nAnnaburgh, MA 60459-8739', 'NULL', '2019-09-15 02:23:19', '2019-09-15 02:23:19'),
(453, 100, 'Dr. Eleanora Daugherty I', '', 'P', 'Katolik', '317 Eichmann Circles\nNorth Luisaton, WV 18098-7236', 'NULL', '2019-09-15 02:23:19', '2019-09-15 02:23:19'),
(454, 100, 'Gilda Smitham', '', 'L', 'Islam', '80721 Erica Trail Apt. 431\nNew May, NV 65997-6187', 'NULL', '2019-09-15 02:23:20', '2019-09-15 02:23:20'),
(455, 100, 'Dr. Julien Sauer', '', 'P', 'Islam', '9890 Helen Glens\nPort Mckayla, NC 87649', 'NULL', '2019-09-15 02:23:20', '2019-09-15 02:23:20'),
(456, 100, 'Prof. Trace Kovacek V', '', 'P', 'Hindu', '54244 Ricky Ranch Apt. 390\nNew Zelda, MI 78499', 'NULL', '2019-09-15 02:23:20', '2019-09-15 02:23:20'),
(457, 100, 'Marianna Pfeffer', '', 'L', 'Hindu', '29061 Beatty Plaza\nLowebury, MI 39000', 'NULL', '2019-09-15 02:23:20', '2019-09-15 02:23:20'),
(458, 100, 'Kirk Botsford', '', 'L', 'Kristen', '44197 Viva Hollow\nEast Adrienne, MO 08230', 'NULL', '2019-09-15 02:23:20', '2019-09-15 02:23:20'),
(459, 100, 'Grayce Schaden II', '', 'P', 'Kristen', '9761 Walker Gardens Apt. 764\nNew Kevenside, IA 18748', 'NULL', '2019-09-15 02:23:20', '2019-09-15 02:23:20'),
(460, 100, 'Sylvia Cummings', '', 'P', 'Islam', '54068 Hilda Causeway Suite 657\nNorth Wademouth, HI 26151-1981', 'NULL', '2019-09-15 02:23:20', '2019-09-15 02:23:20'),
(461, 100, 'Mr. Brian Smitham PhD', '', 'L', 'Islam', '67860 Axel Key\nJerodview, ND 48090', 'NULL', '2019-09-15 02:23:20', '2019-09-15 02:23:20'),
(462, 100, 'Carley Bashirian', '', 'P', 'Budha', '5471 Bogan Mountains\nEast Hortense, NH 15875', 'NULL', '2019-09-15 02:23:21', '2019-09-15 02:23:21'),
(463, 100, 'Prof. Craig Stehr', '', 'P', 'Budha', '8926 VonRueden Pass\nLake Brayanmouth, NH 30055-9642', 'NULL', '2019-09-15 02:23:21', '2019-09-15 02:23:21'),
(464, 100, 'Dr. Jesse Rowe', '', 'P', 'Kristen', '821 Mossie Road Apt. 090\nNicklauston, WA 44474-0735', 'NULL', '2019-09-15 02:23:21', '2019-09-15 02:23:21'),
(465, 100, 'Olaf Williamson', '', 'L', 'Katolik', '6623 Rippin Viaduct Suite 171\nRudystad, ME 30193', 'NULL', '2019-09-15 02:23:21', '2019-09-15 02:23:21'),
(466, 100, 'Alvina Tromp', '', 'P', 'Katolik', '407 Rolfson Groves\nLetitiamouth, DE 42790-0599', 'NULL', '2019-09-15 02:23:21', '2019-09-15 02:23:21'),
(467, 100, 'Orion Stroman', '', 'P', 'Islam', '676 Haylie Unions\nWaldoburgh, DE 21826', 'NULL', '2019-09-15 02:23:21', '2019-09-15 02:23:21'),
(468, 100, 'Moriah Koch', '', 'L', 'Hindu', '50913 Nichole Landing Apt. 468\nSouth Monty, CO 40393-8030', 'NULL', '2019-09-15 02:23:21', '2019-09-15 02:23:21'),
(469, 100, 'Mrs. Cristal Lindgren I', '', 'P', 'Islam', '510 Jerde Ford\nOsbornemouth, AR 29082', 'NULL', '2019-09-15 02:23:21', '2019-09-15 02:23:21'),
(470, 100, 'Madisyn Hintz', '', 'L', 'Budha', '8924 Haag Parkway\nMatteochester, PA 38935', 'NULL', '2019-09-15 02:23:21', '2019-09-15 02:23:21'),
(471, 100, 'Katelynn O\'Hara', '', 'L', 'Kristen', '2604 Balistreri Port\nEast Dave, SC 57711', 'NULL', '2019-09-15 02:23:21', '2019-09-15 02:23:21'),
(472, 100, 'Mr. Dayne Baumbach DVM', '', 'L', 'Hindu', '546 Anderson Way Suite 053\nZiemehaven, ME 69077-8310', 'NULL', '2019-09-15 02:23:22', '2019-09-15 02:23:22'),
(473, 100, 'Daniela Reinger', '', 'L', 'Hindu', '3638 Anderson Spurs\nWest Kody, UT 09804', 'NULL', '2019-09-15 02:23:22', '2019-09-15 02:23:22'),
(474, 100, 'Vida Oberbrunner Jr.', '', 'L', 'Islam', '79112 Goodwin Knoll\nHoppeton, NM 19123', 'NULL', '2019-09-15 02:23:22', '2019-09-15 02:23:22'),
(475, 100, 'Kayli Greenholt', '', 'L', 'Hindu', '718 Schneider Square\nEast Gilda, CA 39512', 'NULL', '2019-09-15 02:23:22', '2019-09-15 02:23:22'),
(476, 100, 'Khalil Effertz', '', 'P', 'Islam', '139 Herzog Squares Suite 560\nLake Gracielatown, OH 98849', 'NULL', '2019-09-15 02:23:22', '2019-09-15 02:23:22'),
(477, 100, 'Garfield Turner', '', 'L', 'Katolik', '35259 Rigoberto Village\nStrackestad, TN 91275-0619', 'NULL', '2019-09-15 02:23:23', '2019-09-15 02:23:23'),
(478, 100, 'Dr. Kiley Spinka DDS', '', 'P', 'Katolik', '51658 Abernathy Cape\nWest Deshaun, PA 58138-4347', 'NULL', '2019-09-15 02:23:23', '2019-09-15 02:23:23'),
(479, 100, 'Mr. Jaron Stark III', '', 'L', 'Hindu', '304 Dameon Gateway Suite 372\nTimothytown, NH 34996-1088', 'NULL', '2019-09-15 02:23:23', '2019-09-15 02:23:23'),
(480, 100, 'Delaney Konopelski DDS', '', 'P', 'Islam', '965 Jacobs Centers Apt. 394\nLarkinville, NC 19383', 'NULL', '2019-09-15 02:23:23', '2019-09-15 02:23:23'),
(481, 100, 'Marty Pfannerstill Jr.', '', 'L', 'Katolik', '98788 Spencer Village\nAbshireport, KY 81895', 'NULL', '2019-09-15 02:23:23', '2019-09-15 02:23:23'),
(482, 100, 'Lance Bergstrom', '', 'L', 'Katolik', '237 Juliana Turnpike Apt. 539\nEast Burley, TN 45406-8123', 'NULL', '2019-09-15 02:23:23', '2019-09-15 02:23:23'),
(483, 100, 'Prof. Jaylan Lakin II', '', 'P', 'Katolik', '184 Ethyl Locks Suite 291\nPort Edenfurt, WV 04811-6799', 'NULL', '2019-09-15 02:23:23', '2019-09-15 02:23:23'),
(484, 100, 'Miss Marisol Abshire MD', '', 'L', 'Islam', '816 Florencio Street Apt. 104\nNew Luellahaven, CA 35535', 'NULL', '2019-09-15 02:23:23', '2019-09-15 02:23:23'),
(485, 100, 'Darby Hill', '', 'L', 'Islam', '7720 Francesco Trafficway Apt. 918\nElzaborough, WI 25191', 'NULL', '2019-09-15 02:23:23', '2019-09-15 02:23:23'),
(486, 100, 'Prof. Lucious Lesch', '', 'P', 'Hindu', '881 Hudson Pines Suite 344\nSamaraville, ID 76694-6672', 'NULL', '2019-09-15 02:23:23', '2019-09-15 02:23:23'),
(487, 100, 'Armani Kulas', '', 'P', 'Budha', '247 Abdullah Mount\nTurnerborough, MS 96993', 'NULL', '2019-09-15 02:23:23', '2019-09-15 02:23:23'),
(488, 100, 'Stephen Braun', '', 'L', 'Islam', '35122 Runolfsdottir Pine Apt. 858\nVicentechester, KS 43393', 'NULL', '2019-09-15 02:23:23', '2019-09-15 02:23:23'),
(489, 100, 'Dr. Abe Hand', '', 'L', 'Islam', '6111 Hayden Ways\nTamarafurt, MT 44735', 'NULL', '2019-09-15 02:23:24', '2019-09-15 02:23:24'),
(490, 100, 'Jamison Franecki', '', 'P', 'Katolik', '267 Herzog Park\nEast Van, LA 99324-1774', 'NULL', '2019-09-15 02:23:24', '2019-09-15 02:23:24'),
(491, 100, 'Sebastian Dickens', '', 'P', 'Islam', '35106 Cassin Garden\nWest Kraigview, VT 04678', 'NULL', '2019-09-15 02:23:24', '2019-09-15 02:23:24'),
(492, 100, 'Dr. Brayan Grady PhD', '', 'P', 'Hindu', '378 Purdy Junction Apt. 565\nIanhaven, CA 68010', 'NULL', '2019-09-15 02:23:24', '2019-09-15 02:23:24'),
(493, 100, 'Guido Larson Sr.', '', 'P', 'Hindu', '64364 Okey Valleys Suite 173\nSouth Marisa, SC 24519', 'NULL', '2019-09-15 02:23:24', '2019-09-15 02:23:24'),
(494, 100, 'Lucinda Kessler PhD', '', 'P', 'Budha', '973 Marvin Lights\nNew Delaneyhaven, CT 64472', 'NULL', '2019-09-15 02:23:24', '2019-09-15 02:23:24'),
(495, 100, 'Prof. Quinn Haag', '', 'P', 'Kristen', '18842 Feeney Lodge Suite 622\nSouth Tavareshaven, TN 80548', 'NULL', '2019-09-15 02:23:24', '2019-09-15 02:23:24'),
(496, 100, 'Sammie Schamberger', '', 'P', 'Budha', '3546 Dibbert Turnpike Apt. 591\nSouth Mylesshire, DC 35247-5562', 'NULL', '2019-09-15 02:23:24', '2019-09-15 02:23:24'),
(497, 100, 'Miss Luisa Harber MD', '', 'L', 'Katolik', '9318 Fisher Cape\nRyanfurt, NJ 26969-5476', 'NULL', '2019-09-15 02:23:24', '2019-09-15 02:23:24'),
(498, 100, 'Wilmer Grady', '', 'L', 'Islam', '99091 Raina Spurs\nSouth Hassan, SC 83004', 'NULL', '2019-09-15 02:23:24', '2019-09-15 02:23:24'),
(499, 100, 'Prof. Jillian Rosenbaum', '', 'P', 'Kristen', '15473 Goldner Loaf Apt. 970\nSchadenton, AL 86897', 'NULL', '2019-09-15 02:23:24', '2019-09-15 02:23:24'),
(500, 100, 'Prof. Velma Little', '', 'P', 'Hindu', '55247 Powlowski Park Suite 446\nHassanland, MD 68086-0130', 'NULL', '2019-09-15 02:23:25', '2019-09-15 02:23:25'),
(501, 100, 'Elliott Hane', '', 'L', 'Islam', '784 Jordane Unions Suite 279\nEast Giuseppeberg, AK 01143-9831', 'NULL', '2019-09-15 02:23:25', '2019-09-15 02:23:25'),
(502, 100, 'Ernest Collier', '', 'P', 'Hindu', '29817 Hackett Village\nEast Ceciliatown, WV 43272-4002', 'NULL', '2019-09-15 02:23:25', '2019-09-15 02:23:25'),
(503, 100, 'Kiera Lockman', '', 'P', 'Hindu', '9679 Darrell Lodge Apt. 330\nHeathermouth, OH 40626-0813', 'NULL', '2019-09-15 02:23:25', '2019-09-15 02:23:25'),
(504, 100, 'Tyreek Kutch IV', '', 'L', 'Kristen', '467 Kaylin Points\nPort Mckennaborough, TX 57804', 'NULL', '2019-09-15 02:23:25', '2019-09-15 02:23:25'),
(505, 100, 'Justina Donnelly', '', 'L', 'Kristen', '7420 Kilback Springs Suite 018\nLeoraport, CT 51126-0638', 'NULL', '2019-09-15 02:23:25', '2019-09-15 02:23:25'),
(506, 100, 'Green Nikolaus IV', '', 'L', 'Budha', '221 Price Avenue Apt. 499\nRoobstad, IL 16048-1260', 'NULL', '2019-09-15 02:23:25', '2019-09-15 02:23:25'),
(507, 100, 'Dr. Torey Kozey', '', 'P', 'Kristen', '80231 Alexzander Corners\nNorth Auroreborough, DE 87904-0319', 'NULL', '2019-09-15 02:23:25', '2019-09-15 02:23:25'),
(508, 100, 'Emilio Collins', '', 'P', 'Hindu', '388 Schuster Turnpike\nStokesville, DC 27615-9558', 'NULL', '2019-09-15 02:23:25', '2019-09-15 02:23:25'),
(509, 100, 'Ezra Kovacek', '', 'P', 'Hindu', '2708 Nickolas Gateway\nLake Donatotown, WI 03563-0745', 'NULL', '2019-09-15 02:23:25', '2019-09-15 02:23:25'),
(510, 100, 'Dr. Hayden Fisher I', '', 'P', 'Kristen', '770 Harris Street\nMichaleland, OH 51748-3674', 'NULL', '2019-09-15 02:23:25', '2019-09-15 02:23:25'),
(511, 100, 'Kody Blanda', '', 'P', 'Budha', '8506 Armando Pine Apt. 684\nSouth Daisha, WY 17954-6305', 'NULL', '2019-09-15 02:23:25', '2019-09-15 02:23:25'),
(512, 100, 'Dr. Fritz Hoppe Sr.', '', 'L', 'Kristen', '941 Pacocha Knoll Suite 773\nWest Wymanton, NE 27648-1037', 'NULL', '2019-09-15 02:23:25', '2019-09-15 02:23:25'),
(513, 100, 'Vivienne Shanahan', '', 'P', 'Katolik', '97709 Lila Trail Apt. 370\nLake Lindaville, CT 77333-9868', 'NULL', '2019-09-15 02:23:25', '2019-09-15 02:23:25'),
(514, 100, 'Mr. Ansley Littel Jr.', '', 'L', 'Islam', '5005 Keeling Flat\nCarlifurt, PA 11954', 'NULL', '2019-09-15 02:23:25', '2019-09-15 02:23:25'),
(515, 100, 'Julia Brown', '', 'P', 'Islam', '5673 Fritsch Inlet\nWest Trisha, IL 78650-0507', 'NULL', '2019-09-15 02:23:25', '2019-09-15 02:23:25'),
(516, 100, 'Mrs. Tamara Kub IV', '', 'P', 'Katolik', '39922 Dashawn Street Apt. 182\nNellebury, SD 60532-6782', 'NULL', '2019-09-15 02:23:25', '2019-09-15 02:23:25'),
(517, 100, 'Mr. Arvel Hintz', '', 'L', 'Hindu', '777 Forrest Turnpike Apt. 235\nWest Urban, NJ 16262-2776', 'NULL', '2019-09-15 02:23:25', '2019-09-15 02:23:25'),
(518, 100, 'Larry Johns', '', 'L', 'Kristen', '138 Kuhic Rapid Apt. 460\nLake Lizeth, NC 02693-2885', 'NULL', '2019-09-15 02:23:25', '2019-09-15 02:23:25'),
(519, 100, 'Philip Durgan IV', '', 'P', 'Islam', '4047 George Lock\nCarmeloview, MT 68403', 'NULL', '2019-09-15 02:23:26', '2019-09-15 02:23:26'),
(520, 100, 'Willy Turner I', '', 'P', 'Katolik', '42566 Rose Ports\nWest Colemantown, IN 08502-7542', 'NULL', '2019-09-15 02:23:26', '2019-09-15 02:23:26'),
(521, 100, 'Ettie Walker', '', 'L', 'Katolik', '84862 Kole Extension\nSouth Olinbury, IN 19411-7468', 'NULL', '2019-09-15 02:23:26', '2019-09-15 02:23:26'),
(522, 100, 'Garrett Heller DDS', '', 'L', 'Budha', '60586 O\'Conner Pass Apt. 773\nBoganfurt, TN 21764-7509', 'NULL', '2019-09-15 02:23:26', '2019-09-15 02:23:26'),
(523, 100, 'Johan Farrell', '', 'P', 'Katolik', '89170 Goldner Extensions\nLorenzamouth, WI 20330-9859', 'NULL', '2019-09-15 02:23:26', '2019-09-15 02:23:26'),
(524, 100, 'Milton Kohler II', '', 'P', 'Hindu', '1056 Bauch Islands\nGleasontown, KY 70603', 'NULL', '2019-09-15 02:23:26', '2019-09-15 02:23:26'),
(525, 100, 'Claudia Mills', '', 'P', 'Islam', '47419 Dickinson Via\nNorth Jadyntown, WI 16057-5749', 'NULL', '2019-09-15 02:23:26', '2019-09-15 02:23:26'),
(526, 100, 'Dr. Tito Boyer IV', '', 'L', 'Katolik', '2039 Kozey Tunnel\nAnabelleview, CA 91293-8451', 'NULL', '2019-09-15 02:23:26', '2019-09-15 02:23:26'),
(527, 100, 'Jewell Orn', '', 'L', 'Budha', '85087 Brannon Crescent Apt. 962\nLowemouth, SD 55720', 'NULL', '2019-09-15 02:23:26', '2019-09-15 02:23:26'),
(528, 100, 'Dr. Emerson Kshlerin IV', '', 'P', 'Katolik', '670 Anahi Lodge Apt. 858\nAdamshaven, MO 41204-9193', 'NULL', '2019-09-15 02:23:26', '2019-09-15 02:23:26'),
(529, 100, 'Dina Koss', '', 'P', 'Islam', '80715 Borer Cove\nWest Floridahaven, AR 89868', 'NULL', '2019-09-15 02:23:26', '2019-09-15 02:23:26'),
(530, 100, 'Romaine Hermiston I', '', 'L', 'Islam', '3953 Parisian Brooks Apt. 166\nPort Bessie, TX 36684', 'NULL', '2019-09-15 02:23:26', '2019-09-15 02:23:26'),
(531, 100, 'Miss Margarett Moore', '', 'P', 'Budha', '29431 Witting Mission Apt. 351\nTravonfurt, MT 40032', 'NULL', '2019-09-15 02:23:26', '2019-09-15 02:23:26'),
(532, 100, 'Jazmin Ankunding Jr.', '', 'P', 'Kristen', '8721 Lindgren Inlet\nMaudiechester, KY 64844-0288', 'NULL', '2019-09-15 02:23:26', '2019-09-15 02:23:26'),
(533, 100, 'Laverna O\'Kon', '', 'L', 'Islam', '5776 Marks Highway\nMcDermottfurt, NE 83373-6597', 'NULL', '2019-09-15 02:23:26', '2019-09-15 02:23:26'),
(534, 100, 'Eliza Moen', '', 'L', 'Hindu', '7923 Dion Shoals\nDooleyland, DC 68025', 'NULL', '2019-09-15 02:23:26', '2019-09-15 02:23:26'),
(535, 100, 'Chad Witting', '', 'L', 'Kristen', '5957 Osinski Villages\nNorth Elodyport, MD 39348-9963', 'NULL', '2019-09-15 02:23:26', '2019-09-15 02:23:26'),
(536, 100, 'Burnice Smith DDS', '', 'P', 'Budha', '5465 Kale Plaza\nYasmineport, ID 17039', 'NULL', '2019-09-15 02:23:26', '2019-09-15 02:23:26'),
(537, 100, 'Christelle Franecki', '', 'L', 'Hindu', '3593 Ruby Freeway\nPfannerstillborough, RI 29007', 'NULL', '2019-09-15 02:23:27', '2019-09-15 02:23:27'),
(538, 100, 'Isidro Rath', '', 'L', 'Kristen', '8664 Buckridge Harbor Suite 315\nNorth Kristoffer, AL 83466-1345', 'NULL', '2019-09-15 02:23:27', '2019-09-15 02:23:27'),
(539, 100, 'Clay O\'Conner PhD', '', 'L', 'Islam', '3422 Barrows Park Apt. 146\nPriscillaport, NY 79579-0083', 'NULL', '2019-09-15 02:23:27', '2019-09-15 02:23:27'),
(540, 100, 'Loyce O\'Hara', '', 'P', 'Katolik', '147 McGlynn Mountains\nHaagborough, MT 53042-4812', 'NULL', '2019-09-15 02:23:27', '2019-09-15 02:23:27'),
(541, 100, 'Ms. Lauren Kulas III', '', 'L', 'Katolik', '94461 Haley Summit\nSouth Carolanne, AK 20481', 'NULL', '2019-09-15 02:23:27', '2019-09-15 02:23:27'),
(542, 100, 'Prof. Turner Pollich', '', 'P', 'Kristen', '3935 Christophe Run Apt. 241\nNyahfurt, WY 35396', 'NULL', '2019-09-15 02:23:27', '2019-09-15 02:23:27'),
(543, 100, 'Prof. Bennett Heidenreich', '', 'P', 'Katolik', '6826 Coleman Landing\nSouth Theresia, AZ 27182-7533', 'NULL', '2019-09-15 02:23:27', '2019-09-15 02:23:27'),
(544, 100, 'Prof. Electa Toy', '', 'L', 'Budha', '6779 Cummings Crest\nEast Kellie, MO 58666-1893', 'NULL', '2019-09-15 02:23:27', '2019-09-15 02:23:27'),
(545, 100, 'Joy Hettinger', '', 'P', 'Islam', '119 Leonora Drive\nNew Sally, NH 75865', 'NULL', '2019-09-15 02:23:27', '2019-09-15 02:23:27'),
(546, 100, 'Dane Konopelski', '', 'L', 'Kristen', '373 Oleta Stream Apt. 421\nNorth Mariefurt, AZ 43975-7213', 'NULL', '2019-09-15 02:23:27', '2019-09-15 02:23:27'),
(547, 100, 'Prof. Nicholas Carter I', '', 'P', 'Budha', '337 Luigi Crest\nPort Evansside, MA 27281-4939', 'NULL', '2019-09-15 02:23:27', '2019-09-15 02:23:27'),
(548, 100, 'Maida Hills', '', 'P', 'Budha', '620 Ratke Junctions Apt. 765\nWest Maevemouth, UT 27479', 'NULL', '2019-09-15 02:23:27', '2019-09-15 02:23:27'),
(549, 100, 'Chelsey Cummings I', '', 'P', 'Islam', '47593 Mertz Harbors Apt. 774\nMurazikside, TX 58962-3522', 'NULL', '2019-09-15 02:23:27', '2019-09-15 02:23:27'),
(550, 100, 'Magali Strosin', '', 'L', 'Budha', '50105 Lakin Park Apt. 266\nTrystanland, CA 25446-4576', 'NULL', '2019-09-15 02:23:27', '2019-09-15 02:23:27'),
(551, 100, 'Loyce Dibbert', '', 'L', 'Katolik', '982 Jacklyn Street\nNorth Sydney, WA 57270', 'NULL', '2019-09-15 02:23:27', '2019-09-15 02:23:27'),
(552, 100, 'Narciso Rempel', '', 'P', 'Islam', '503 Liliana Mountain\nNew Benedict, AK 74388-1346', 'NULL', '2019-09-15 02:23:27', '2019-09-15 02:23:27'),
(553, 100, 'Earnest Brekke', '', 'L', 'Hindu', '69765 Seth Spring\nClarkfort, OK 49180', 'NULL', '2019-09-15 02:23:27', '2019-09-15 02:23:27'),
(554, 100, 'Destini Paucek', '', 'L', 'Budha', '2832 Hand Canyon\nRickchester, WY 59360-9991', 'NULL', '2019-09-15 02:23:27', '2019-09-15 02:23:27'),
(555, 100, 'Prof. Sage Hilpert', '', 'L', 'Hindu', '687 Vivian Heights\nLake Jessika, ND 07011-6761', 'NULL', '2019-09-15 02:23:27', '2019-09-15 02:23:27'),
(556, 100, 'Miss Dorothy Green', '', 'L', 'Islam', '439 Darwin Valleys\nPort Darrellborough, FL 48295', 'NULL', '2019-09-15 02:23:27', '2019-09-15 02:23:27'),
(557, 100, 'Dr. Gavin McCullough MD', '', 'L', 'Katolik', '111 Raquel Crossroad Apt. 664\nBryceside, CT 37667-6535', 'NULL', '2019-09-15 02:23:27', '2019-09-15 02:23:27'),
(558, 100, 'Mr. Al Kreiger', '', 'P', 'Katolik', '2379 Parisian Loaf\nLake Melynamouth, NC 45346-5885', 'NULL', '2019-09-15 02:23:27', '2019-09-15 02:23:27'),
(559, 100, 'Ms. Liza Fisher V', '', 'P', 'Islam', '1528 Emard Expressway\nHeaneyshire, NY 46720', 'NULL', '2019-09-15 02:23:27', '2019-09-15 02:23:27'),
(560, 100, 'Suzanne Friesen DVM', '', 'L', 'Katolik', '420 Lehner Glens Apt. 761\nJeffereyview, ND 33744', 'NULL', '2019-09-15 02:23:27', '2019-09-15 02:23:27'),
(561, 100, 'Rahul Ratke', '', 'L', 'Kristen', '7838 Kory Coves Suite 329\nJordanburgh, OR 54615', 'NULL', '2019-09-15 02:23:27', '2019-09-15 02:23:27'),
(562, 100, 'Erling Little', '', 'L', 'Kristen', '76021 Hartmann Well Apt. 751\nCarmelshire, HI 61337', 'NULL', '2019-09-15 02:23:27', '2019-09-15 02:23:27'),
(563, 100, 'Ashtyn Braun', '', 'P', 'Hindu', '7890 Considine Mount\nHilpertburgh, SD 81468', 'NULL', '2019-09-15 02:23:28', '2019-09-15 02:23:28'),
(564, 100, 'Ari Gottlieb', '', 'P', 'Islam', '24183 Salvatore Road\nKleinside, UT 83354-3308', 'NULL', '2019-09-15 02:23:28', '2019-09-15 02:23:28'),
(565, 100, 'Conor Hickle DVM', '', 'L', 'Hindu', '34356 Juwan Row\nWest Jeanette, VT 71541-1650', 'NULL', '2019-09-15 02:23:28', '2019-09-15 02:23:28'),
(566, 100, 'Moshe Hilpert', '', 'P', 'Kristen', '2647 Donnelly Brook Suite 353\nAdelleburgh, UT 87079-0575', 'NULL', '2019-09-15 02:23:28', '2019-09-15 02:23:28'),
(567, 100, 'Linwood Waters', '', 'P', 'Budha', '61292 Bahringer Forge Apt. 445\nNorth Lloyd, WI 14266-7409', 'NULL', '2019-09-15 02:23:28', '2019-09-15 02:23:28'),
(568, 100, 'Benedict Wolff', '', 'L', 'Islam', '4193 Little Ranch\nSouth Sydnieland, NJ 35675', 'NULL', '2019-09-15 02:23:28', '2019-09-15 02:23:28'),
(569, 100, 'Cornell Hermiston', '', 'L', 'Kristen', '24765 Kristina Field Suite 994\nKleinport, WY 35947-5575', 'NULL', '2019-09-15 02:23:28', '2019-09-15 02:23:28'),
(570, 100, 'Mrs. Sadye Lowe', '', 'L', 'Budha', '12845 Johnston Pike Apt. 643\nFriesenburgh, ID 49186', 'NULL', '2019-09-15 02:23:28', '2019-09-15 02:23:28'),
(571, 100, 'Dr. Charlie Boyer DVM', '', 'P', 'Hindu', '581 Bogisich Villages Apt. 249\nNew Judah, WY 73989-3811', 'NULL', '2019-09-15 02:23:28', '2019-09-15 02:23:28'),
(572, 100, 'Miguel Marquardt', '', 'P', 'Hindu', '2659 Rutherford Throughway\nNew Aracely, LA 00364-2608', 'NULL', '2019-09-15 02:23:28', '2019-09-15 02:23:28'),
(573, 100, 'Jerry Carter', '', 'L', 'Hindu', '193 Roberts Parks\nMannhaven, NE 85823', 'NULL', '2019-09-15 02:23:28', '2019-09-15 02:23:28'),
(574, 100, 'Rhea Rogahn', '', 'L', 'Katolik', '75215 Fritsch Drives\nNew Easton, PA 70853', 'NULL', '2019-09-15 02:23:28', '2019-09-15 02:23:28'),
(575, 100, 'Aiden Nicolas', '', 'P', 'Budha', '36863 Cummings Shore\nLake Alexandrinestad, NM 55954', 'NULL', '2019-09-15 02:23:28', '2019-09-15 02:23:28'),
(576, 100, 'Maryse Bauch', '', 'P', 'Budha', '576 Jaeden Pine\nThompsonburgh, AL 66031', 'NULL', '2019-09-15 02:23:28', '2019-09-15 02:23:28'),
(577, 100, 'Adelbert Prosacco', '', 'L', 'Budha', '1047 Ericka Court Suite 795\nJenkinsberg, IN 06058-9752', 'NULL', '2019-09-15 02:23:28', '2019-09-15 02:23:28'),
(578, 100, 'Dr. Deanna Schultz', '', 'P', 'Islam', '93334 Steuber Glens\nWest Gene, OR 92764-1530', 'NULL', '2019-09-15 02:23:28', '2019-09-15 02:23:28'),
(579, 100, 'Laisha Johnston', '', 'L', 'Kristen', '8978 Jast Springs\nNorth Saigeland, OH 07941-2313', 'NULL', '2019-09-15 02:23:28', '2019-09-15 02:23:28'),
(580, 100, 'D\'angelo Ondricka', '', 'L', 'Katolik', '70043 Montana Run Apt. 692\nGrahammouth, AL 15476-5912', 'NULL', '2019-09-15 02:23:28', '2019-09-15 02:23:28'),
(581, 100, 'Prof. Cooper Weber MD', '', 'L', 'Budha', '715 Isai Trail Apt. 276\nPort Aminaview, AK 83849-7543', 'NULL', '2019-09-15 02:23:28', '2019-09-15 02:23:28'),
(582, 100, 'Lincoln Will', '', 'L', 'Budha', '567 Rutherford Unions Apt. 169\nWolffshire, WI 80042-0114', 'NULL', '2019-09-15 02:23:28', '2019-09-15 02:23:28'),
(583, 100, 'Schuyler Schumm', '', 'L', 'Budha', '995 Jeramie Pass Suite 470\nPowlowskiton, NC 50972-1792', 'NULL', '2019-09-15 02:23:28', '2019-09-15 02:23:28'),
(584, 100, 'Anne Legros', '', 'P', 'Islam', '899 Douglas Path Apt. 030\nFlavietown, NH 66263-5804', 'NULL', '2019-09-15 02:23:28', '2019-09-15 02:23:28'),
(585, 100, 'Josiane DuBuque', '', 'L', 'Budha', '36384 Trudie Canyon\nPort Ettie, KY 95807', 'NULL', '2019-09-15 02:23:28', '2019-09-15 02:23:28'),
(586, 100, 'Ophelia Romaguera', '', 'P', 'Islam', '477 Rickie Spurs Apt. 934\nSouth Mervinshire, MT 32261-2514', 'NULL', '2019-09-15 02:23:28', '2019-09-15 02:23:28'),
(587, 100, 'Isidro Lueilwitz', '', 'L', 'Hindu', '70480 Renee Row\nDickiborough, MD 95863', 'NULL', '2019-09-15 02:23:28', '2019-09-15 02:23:28'),
(588, 100, 'Dr. Cooper Bashirian Jr.', '', 'L', 'Islam', '34171 Grimes Heights Apt. 807\nWebstermouth, AZ 52304', 'NULL', '2019-09-15 02:23:28', '2019-09-15 02:23:28'),
(589, 100, 'Cloyd Bosco Jr.', '', 'L', 'Kristen', '774 Richard Village Suite 833\nRosenbaumfurt, CA 13838', 'NULL', '2019-09-15 02:23:28', '2019-09-15 02:23:28'),
(590, 100, 'Luna Williamson', '', 'P', 'Islam', '291 Huel Squares Apt. 500\nDickiberg, NY 57088-1315', 'NULL', '2019-09-15 02:23:28', '2019-09-15 02:23:28'),
(591, 100, 'Dr. Edwardo Mraz', '', 'L', 'Kristen', '5018 Roscoe Rue Suite 379\nEast Alexzander, CT 17454-9083', 'NULL', '2019-09-15 02:23:29', '2019-09-15 02:23:29'),
(592, 100, 'Coralie Witting', '', 'P', 'Islam', '16114 Vada Junctions\nGudruntown, VT 52051-3160', 'NULL', '2019-09-15 02:23:29', '2019-09-15 02:23:29'),
(593, 100, 'Cathy Walter I', '', 'L', 'Kristen', '1400 Ernie Junction\nReichelside, AR 58538', 'NULL', '2019-09-15 02:23:29', '2019-09-15 02:23:29'),
(594, 100, 'Frida Kessler', '', 'P', 'Islam', '479 Kacey Corner\nWisozkside, UT 48295', 'NULL', '2019-09-15 02:23:29', '2019-09-15 02:23:29'),
(595, 100, 'Aidan Predovic', '', 'P', 'Kristen', '98651 Amelia Square Suite 006\nGorczanyville, AL 35584-0593', 'NULL', '2019-09-15 02:23:29', '2019-09-15 02:23:29'),
(596, 100, 'Nat Cruickshank', '', 'P', 'Islam', '8518 Bashirian Camp\nTremblaybury, NJ 24057', 'NULL', '2019-09-15 02:23:29', '2019-09-15 02:23:29'),
(597, 100, 'Prof. Miles Tillman DVM', '', 'L', 'Budha', '76044 Kuhic Tunnel\nPort Joanamouth, HI 31347', 'NULL', '2019-09-15 02:23:29', '2019-09-15 02:23:29'),
(598, 100, 'Betty Moen', '', 'L', 'Hindu', '4140 Stoltenberg Canyon Suite 917\nWest Ottisborough, LA 29352-7519', 'NULL', '2019-09-15 02:23:29', '2019-09-15 02:23:29'),
(599, 100, 'Filomena Witting I', '', 'L', 'Hindu', '4363 Emilia Point\nPort Olenstad, TN 94514', 'NULL', '2019-09-15 02:23:29', '2019-09-15 02:23:29'),
(600, 100, 'Prof. Alivia Koepp', '', 'L', 'Budha', '65821 Gabe Cape\nNew Esta, FL 61146-1898', 'NULL', '2019-09-15 02:23:29', '2019-09-15 02:23:29'),
(601, 100, 'Jasen Koelpin PhD', '', 'P', 'Hindu', '319 Pacocha Mill Suite 470\nPredovicmouth, WA 94989-3328', 'NULL', '2019-09-15 02:23:29', '2019-09-15 02:23:29'),
(602, 100, 'Rosalind Walker', '', 'L', 'Kristen', '50011 Kiehn Rapids Suite 476\nHeathcotemouth, AL 73557-8176', 'NULL', '2019-09-15 02:23:29', '2019-09-15 02:23:29'),
(603, 100, 'Prof. Marlon Schaden', '', 'L', 'Islam', '2724 Jacobi Parks Suite 055\nPort Otisfurt, NM 56009-2265', 'NULL', '2019-09-15 02:23:29', '2019-09-15 02:23:29'),
(604, 100, 'Anika Shields', '', 'L', 'Budha', '2011 Ocie Burg Apt. 503\nWest Felicita, SD 18330', 'NULL', '2019-09-15 02:23:29', '2019-09-15 02:23:29'),
(605, 100, 'Prof. Mavis Tillman PhD', '', 'P', 'Katolik', '707 Wisoky Key Apt. 380\nKrisfurt, TN 47988-2767', 'NULL', '2019-09-15 02:23:29', '2019-09-15 02:23:29'),
(606, 100, 'Dr. Alayna Jerde', '', 'L', 'Budha', '38168 Otilia Vista\nDanielshire, DE 51993-1942', 'NULL', '2019-09-15 02:23:29', '2019-09-15 02:23:29'),
(607, 100, 'Mathias Kerluke II', '', 'P', 'Kristen', '98047 Ziemann Pike Suite 743\nBrownmouth, IN 32204', 'NULL', '2019-09-15 02:23:29', '2019-09-15 02:23:29'),
(608, 100, 'Robb Stokes', '', 'L', 'Budha', '175 Raheem Shoal\nHellermouth, IL 50276', 'NULL', '2019-09-15 02:23:29', '2019-09-15 02:23:29'),
(609, 100, 'Uriah Gusikowski', '', 'L', 'Budha', '4236 Harvey Harbor\nNorth Ethel, MO 57360-9427', 'NULL', '2019-09-15 02:23:29', '2019-09-15 02:23:29'),
(610, 100, 'Dr. Dedric Satterfield', '', 'P', 'Kristen', '99946 Shanahan Lakes\nWest Bennie, OH 86721', 'NULL', '2019-09-15 02:23:29', '2019-09-15 02:23:29'),
(611, 100, 'Astrid Wisozk', '', 'P', 'Hindu', '193 Iliana Islands Apt. 714\nPort Keenan, NC 79824', 'NULL', '2019-09-15 02:23:30', '2019-09-15 02:23:30'),
(612, 100, 'Alexander Cormier', '', 'P', 'Budha', '331 Kohler Isle\nSagetown, HI 14534', 'NULL', '2019-09-15 02:23:30', '2019-09-15 02:23:30'),
(613, 100, 'Pattie Johns', '', 'L', 'Islam', '8442 Nadia Isle\nNorth Nannieborough, TN 62269', 'NULL', '2019-09-15 02:23:30', '2019-09-15 02:23:30'),
(614, 100, 'Mr. Shawn Keeling', '', 'L', 'Hindu', '898 Lacy Walks Apt. 733\nLake Kiarra, WY 37367', 'NULL', '2019-09-15 02:23:30', '2019-09-15 02:23:30'),
(615, 100, 'Eve Smith', '', 'P', 'Hindu', '8255 Zemlak Lodge\nColumbushaven, WY 02111', 'NULL', '2019-09-15 02:23:30', '2019-09-15 02:23:30'),
(616, 100, 'Mateo Raynor II', '', 'P', 'Kristen', '69376 Kasey Hollow\nEast Ellen, OK 79862-2997', 'NULL', '2019-09-15 02:23:30', '2019-09-15 02:23:30'),
(617, 100, 'Janet D\'Amore', '', 'P', 'Katolik', '84176 Gaylord Isle Suite 670\nNew Rosettaland, WA 78983', 'NULL', '2019-09-15 02:23:30', '2019-09-15 02:23:30'),
(618, 100, 'Burley Greenholt', '', 'P', 'Kristen', '78775 Gregoria Mall\nLake Zariaside, RI 60845-4098', 'NULL', '2019-09-15 02:23:30', '2019-09-15 02:23:30'),
(619, 100, 'Janis Welch', '', 'L', 'Budha', '8182 Kessler Key Suite 002\nPricemouth, SD 39448', 'NULL', '2019-09-15 02:23:30', '2019-09-15 02:23:30'),
(620, 100, 'Dr. Fritz Walsh PhD', '', 'L', 'Hindu', '638 Lula Coves Apt. 441\nHarveymouth, IA 13953-8958', 'NULL', '2019-09-15 02:23:30', '2019-09-15 02:23:30'),
(621, 100, 'Elisha Bruen', '', 'L', 'Hindu', '7441 Nienow Ranch\nThompsonside, AL 19666', 'NULL', '2019-09-15 02:23:30', '2019-09-15 02:23:30'),
(622, 100, 'Raina Volkman', '', 'L', 'Budha', '792 Lockman Orchard Apt. 161\nJarretside, IN 92058', 'NULL', '2019-09-15 02:23:30', '2019-09-15 02:23:30'),
(623, 100, 'Zola Fadel', '', 'P', 'Hindu', '4728 Mayert Manors Suite 766\nPort Jewel, MI 79576-5988', 'NULL', '2019-09-15 02:23:30', '2019-09-15 02:23:30'),
(624, 100, 'Cathrine Kunze', '', 'L', 'Islam', '7605 Schinner Light Suite 894\nPort Javier, PA 28491', 'NULL', '2019-09-15 02:23:30', '2019-09-15 02:23:30'),
(625, 100, 'Arnaldo Ziemann', '', 'P', 'Islam', '125 Crist Ports\nPort Albertbury, NC 65483-2638', 'NULL', '2019-09-15 02:23:30', '2019-09-15 02:23:30'),
(626, 100, 'Mrs. Bridgette Murray', '', 'P', 'Budha', '9744 Maggio Row\nThelmaport, DE 17978-7055', 'NULL', '2019-09-15 02:23:30', '2019-09-15 02:23:30'),
(627, 100, 'Nathan Marquardt', '', 'P', 'Hindu', '30747 Rick Park\nZoilaport, SD 15962-1309', 'NULL', '2019-09-15 02:23:30', '2019-09-15 02:23:30'),
(628, 100, 'Mr. Rusty Bode PhD', '', 'P', 'Kristen', '41378 Schowalter Hollow Apt. 501\nMaceystad, RI 57676-8545', 'NULL', '2019-09-15 02:23:30', '2019-09-15 02:23:30'),
(629, 100, 'Rodrigo Bogisich', '', 'P', 'Islam', '6356 Casper Springs Suite 952\nWest Caleb, AR 83432', 'NULL', '2019-09-15 02:23:30', '2019-09-15 02:23:30'),
(630, 100, 'Beverly Orn MD', '', 'P', 'Budha', '839 Boehm Light\nElisabethchester, UT 62939-7878', 'NULL', '2019-09-15 02:23:30', '2019-09-15 02:23:30'),
(631, 100, 'Rashawn Cormier', '', 'L', 'Hindu', '621 Evangeline Lodge\nPort Paulineside, IN 84177-9305', 'NULL', '2019-09-15 02:23:30', '2019-09-15 02:23:30'),
(632, 100, 'Elva Ondricka', '', 'L', 'Kristen', '384 Runte Valley\nWallacemouth, TN 15141', 'NULL', '2019-09-15 02:23:31', '2019-09-15 02:23:31'),
(633, 100, 'Mavis Terry', '', 'L', 'Kristen', '167 Keegan Branch\nAlessandraside, AL 18607-0959', 'NULL', '2019-09-15 02:23:31', '2019-09-15 02:23:31'),
(634, 100, 'Aurelia McKenzie', '', 'L', 'Katolik', '6328 Bradtke Brook\nEast Romaine, NJ 16396-2087', 'NULL', '2019-09-15 02:23:31', '2019-09-15 02:23:31'),
(635, 100, 'Prof. Elouise Shanahan IV', '', 'P', 'Kristen', '64945 Zemlak Center\nNew Joesphchester, KS 48676', 'NULL', '2019-09-15 02:23:31', '2019-09-15 02:23:31'),
(636, 100, 'Verla Bahringer PhD', '', 'L', 'Hindu', '2480 Tracey Ferry Apt. 559\nWest Ianberg, RI 12686-2935', 'NULL', '2019-09-15 02:23:31', '2019-09-15 02:23:31'),
(637, 100, 'Mrs. Bianka Stehr IV', '', 'P', 'Kristen', '63784 Crona Point\nEast Lincolnborough, SD 81776', 'NULL', '2019-09-15 02:23:31', '2019-09-15 02:23:31'),
(638, 100, 'Prof. Quinn Wiza III', '', 'L', 'Kristen', '52979 Annamae Park\nBranditon, TN 93713', 'NULL', '2019-09-15 02:23:31', '2019-09-15 02:23:31'),
(639, 100, 'Luz White', '', 'P', 'Katolik', '5361 Lynch Tunnel\nSuzannechester, AZ 55911', 'NULL', '2019-09-15 02:23:31', '2019-09-15 02:23:31'),
(640, 100, 'Prof. Madalyn Ryan', '', 'L', 'Kristen', '463 Nikolaus Rapid\nNew Carter, VA 75253-5831', 'NULL', '2019-09-15 02:23:31', '2019-09-15 02:23:31'),
(641, 100, 'Dr. Audreanne Langworth', '', 'P', 'Katolik', '214 Boyle Mountains Suite 730\nPort Clarissahaven, MT 26292', 'NULL', '2019-09-15 02:23:31', '2019-09-15 02:23:31'),
(642, 100, 'Claude Morissette', '', 'P', 'Hindu', '1430 Earline Rapid\nStephanybury, NC 48706-1160', 'NULL', '2019-09-15 02:23:31', '2019-09-15 02:23:31'),
(643, 100, 'Santino Doyle', '', 'P', 'Hindu', '57947 Lulu Gateway Suite 304\nLake Leonelberg, CT 13365', 'NULL', '2019-09-15 02:23:31', '2019-09-15 02:23:31'),
(644, 100, 'Prof. Marge Shields V', '', 'L', 'Budha', '6079 Bechtelar River Apt. 601\nLake Celineburgh, FL 59013', 'NULL', '2019-09-15 02:23:31', '2019-09-15 02:23:31'),
(645, 100, 'Godfrey Hagenes', '', 'L', 'Hindu', '510 George Shoal Suite 349\nMireyaview, UT 06510', 'NULL', '2019-09-15 02:23:31', '2019-09-15 02:23:31'),
(646, 100, 'Dandre Pouros', '', 'P', 'Kristen', '62293 Leola Trafficway\nBergnaumburgh, NC 72223-4528', 'NULL', '2019-09-15 02:23:31', '2019-09-15 02:23:31'),
(647, 100, 'Prof. Alessandro Fisher II', '', 'L', 'Hindu', '36546 Delphia Ridges Apt. 190\nNorth Griffin, NV 99365', 'NULL', '2019-09-15 02:23:31', '2019-09-15 02:23:31'),
(648, 100, 'Prof. Okey Yost Sr.', '', 'L', 'Kristen', '938 Lueilwitz Neck Suite 334\nJerdeville, RI 96388-9669', 'NULL', '2019-09-15 02:23:31', '2019-09-15 02:23:31'),
(649, 100, 'Danyka Braun DDS', '', 'P', 'Budha', '297 Gleichner Estate Apt. 124\nDeckowview, GA 48357', 'NULL', '2019-09-15 02:23:31', '2019-09-15 02:23:31'),
(650, 100, 'Dwight Kutch Sr.', '', 'L', 'Hindu', '42805 Toy Cliffs\nNoemymouth, NJ 21789-5555', 'NULL', '2019-09-15 02:23:31', '2019-09-15 02:23:31'),
(651, 100, 'Mrs. Marilie Spinka Sr.', '', 'L', 'Hindu', '56936 Johathan Mills\nEast Kieraberg, WY 63976', 'NULL', '2019-09-15 02:23:31', '2019-09-15 02:23:31'),
(652, 100, 'Junior Medhurst', '', 'L', 'Kristen', '253 Gus Bridge Suite 365\nNorth Greentown, NC 58463-3928', 'NULL', '2019-09-15 02:23:31', '2019-09-15 02:23:31'),
(653, 100, 'Amani Mills', '', 'P', 'Hindu', '8321 Gerlach Green\nNew Cordietown, FL 93513-3926', 'NULL', '2019-09-15 02:23:31', '2019-09-15 02:23:31'),
(654, 100, 'Ms. Amya Leuschke MD', '', 'P', 'Katolik', '61015 Zboncak Trafficway Apt. 735\nEast Rayfort, GA 62664', 'NULL', '2019-09-15 02:23:31', '2019-09-15 02:23:31'),
(655, 100, 'Torrey Pagac', '', 'P', 'Kristen', '16725 Terence Roads Apt. 140\nAbernathyside, NC 39106-1902', 'NULL', '2019-09-15 02:23:32', '2019-09-15 02:23:32');
INSERT INTO `siswa` (`id`, `user_id`, `nama_depan`, `nama_belakang`, `jenis_kelamin`, `agama`, `alamat`, `avatar`, `created_at`, `updated_at`) VALUES
(656, 100, 'Mrs. Rosalinda Parker', '', 'P', 'Budha', '75747 Aracely Inlet\nMarquardtland, GA 42737', 'NULL', '2019-09-15 02:23:32', '2019-09-15 02:23:32'),
(657, 100, 'Ahmed Runolfsson', '', 'L', 'Kristen', '907 Harris Valley\nEast Odie, MO 08332-8072', 'NULL', '2019-09-15 02:23:32', '2019-09-15 02:23:32'),
(658, 100, 'Prof. Sally Dicki', '', 'P', 'Katolik', '24296 Alva Row\nWest Carole, WA 39648-0286', 'NULL', '2019-09-15 02:23:32', '2019-09-15 02:23:32'),
(659, 100, 'Josiah Little DVM', '', 'P', 'Hindu', '49407 Arden Courts\nHaventon, ND 21868', 'NULL', '2019-09-15 02:23:32', '2019-09-15 02:23:32'),
(660, 100, 'Leatha Green', '', 'P', 'Islam', '90338 Buckridge Port Suite 409\nDanieltown, MI 86889-8605', 'NULL', '2019-09-15 02:23:32', '2019-09-15 02:23:32'),
(661, 100, 'Lottie Christiansen', '', 'P', 'Budha', '776 Smitham Meadow\nRandyshire, OK 97173-1242', 'NULL', '2019-09-15 02:23:32', '2019-09-15 02:23:32'),
(662, 100, 'Mrs. Jody Kulas I', '', 'P', 'Kristen', '650 Maryse Springs Apt. 169\nNorth Jordy, WA 91794', 'NULL', '2019-09-15 02:23:32', '2019-09-15 02:23:32'),
(663, 100, 'Prof. Bernardo Beer', '', 'L', 'Kristen', '1572 Littel Corners\nPort Annamaechester, AK 11234-9382', 'NULL', '2019-09-15 02:23:32', '2019-09-15 02:23:32'),
(664, 100, 'Ashly Reichel', '', 'L', 'Katolik', '8276 Dagmar Forge Suite 055\nKayliberg, PA 82718-1362', 'NULL', '2019-09-15 02:23:32', '2019-09-15 02:23:32'),
(665, 100, 'Jaunita Gerhold DVM', '', 'L', 'Budha', '662 Jaycee Mission\nLebsackview, NJ 17530-4303', 'NULL', '2019-09-15 02:23:32', '2019-09-15 02:23:32'),
(666, 100, 'Prof. Shanna Mraz DVM', '', 'L', 'Islam', '20563 Cartwright Mall Suite 494\nLake Lunaport, WI 68242', 'NULL', '2019-09-15 02:23:32', '2019-09-15 02:23:32'),
(667, 100, 'Mrs. Jammie Donnelly IV', '', 'L', 'Katolik', '41959 Bogan Ways Suite 216\nNorth Autumn, MN 54559', 'NULL', '2019-09-15 02:23:32', '2019-09-15 02:23:32'),
(668, 100, 'Adelia Heidenreich IV', '', 'L', 'Katolik', '910 Kilback Port\nKathrynview, AK 93334', 'NULL', '2019-09-15 02:23:32', '2019-09-15 02:23:32'),
(669, 100, 'Mr. Baron Rau IV', '', 'P', 'Hindu', '61891 Wuckert Squares\nCollierstad, MS 33694', 'NULL', '2019-09-15 02:23:32', '2019-09-15 02:23:32'),
(670, 100, 'Nelle Shanahan I', '', 'L', 'Kristen', '9769 Nona Springs Suite 691\nMarcelinaville, VT 83872-1387', 'NULL', '2019-09-15 02:23:32', '2019-09-15 02:23:32'),
(671, 100, 'Norma Steuber', '', 'P', 'Islam', '954 Reichert Motorway Apt. 909\nPort Edwin, DC 41997', 'NULL', '2019-09-15 02:23:32', '2019-09-15 02:23:32'),
(672, 100, 'Prof. Alden Anderson', '', 'P', 'Katolik', '31502 Vivien Spur\nNew Ikebury, MO 62760-9150', 'NULL', '2019-09-15 02:23:32', '2019-09-15 02:23:32'),
(673, 100, 'Prof. Maybelle Bahringer Jr.', '', 'L', 'Islam', '448 Smith Estate\nMalindafurt, NV 23155', 'NULL', '2019-09-15 02:23:32', '2019-09-15 02:23:32'),
(674, 100, 'Matilde Jakubowski', '', 'L', 'Kristen', '65568 Mohr Cliff\nNew Mohammadfurt, ND 37042', 'NULL', '2019-09-15 02:23:32', '2019-09-15 02:23:32'),
(675, 100, 'Orin White', '', 'L', 'Budha', '1308 Rohan Lights\nWest Ahmadstad, TN 86539', 'NULL', '2019-09-15 02:23:32', '2019-09-15 02:23:32'),
(676, 100, 'Kacie Koss', '', 'P', 'Katolik', '4182 Fred Radial\nBeattyburgh, MI 19707-6589', 'NULL', '2019-09-15 02:23:32', '2019-09-15 02:23:32'),
(677, 100, 'Abagail Olson Jr.', '', 'P', 'Islam', '20049 Roosevelt Flat Suite 025\nFritschchester, KS 33408', 'NULL', '2019-09-15 02:23:32', '2019-09-15 02:23:32'),
(678, 100, 'Prof. Dedrick Toy', '', 'P', 'Hindu', '377 Tillman Burgs Suite 103\nCordiemouth, TX 12403', 'NULL', '2019-09-15 02:23:32', '2019-09-15 02:23:32'),
(679, 100, 'Justen Funk V', '', 'L', 'Kristen', '930 Roob Parkways Apt. 629\nSouth Delaney, WI 78823-8633', 'NULL', '2019-09-15 02:23:32', '2019-09-15 02:23:32'),
(680, 100, 'Dagmar Kunze II', '', 'P', 'Kristen', '3662 Henry Burgs\nWest Deemouth, WI 62532-6681', 'NULL', '2019-09-15 02:23:32', '2019-09-15 02:23:32'),
(681, 100, 'Mr. Austen Kunze', '', 'L', 'Islam', '6670 April Pass Suite 117\nEasterport, CO 61885', 'NULL', '2019-09-15 02:23:32', '2019-09-15 02:23:32'),
(682, 100, 'Mr. Greyson Hills Sr.', '', 'L', 'Katolik', '6189 Jarvis Extension Apt. 704\nLake Corineburgh, AZ 56053', 'NULL', '2019-09-15 02:23:32', '2019-09-15 02:23:32'),
(683, 100, 'Robyn VonRueden', '', 'P', 'Islam', '17642 Hauck Tunnel Apt. 926\nBreitenbergshire, NJ 18506', 'NULL', '2019-09-15 02:23:33', '2019-09-15 02:23:33'),
(684, 100, 'Mabelle Cruickshank', '', 'L', 'Katolik', '99539 Bechtelar Coves\nEast Colleen, MS 27361', 'NULL', '2019-09-15 02:23:33', '2019-09-15 02:23:33'),
(685, 100, 'Orville Schimmel', '', 'P', 'Hindu', '91463 Corkery Brooks\nPort Eduardoland, IA 51898-6338', 'NULL', '2019-09-15 02:23:33', '2019-09-15 02:23:33'),
(686, 100, 'Juwan Leuschke V', '', 'P', 'Islam', '14735 Kemmer Union\nKeeblerton, RI 15292-8838', 'NULL', '2019-09-15 02:23:33', '2019-09-15 02:23:33'),
(687, 100, 'Heloise Lakin Jr.', '', 'L', 'Katolik', '499 Gleason Village Apt. 725\nSouth Adolph, NJ 09562', 'NULL', '2019-09-15 02:23:33', '2019-09-15 02:23:33'),
(688, 100, 'Jessy Kovacek', '', 'P', 'Islam', '16736 Conn Forge\nHuldahaven, RI 72272', 'NULL', '2019-09-15 02:23:33', '2019-09-15 02:23:33'),
(689, 100, 'Elsie Nolan', '', 'L', 'Hindu', '225 Abigail Ramp\nEast Reuben, AR 69744-5868', 'NULL', '2019-09-15 02:23:33', '2019-09-15 02:23:33'),
(690, 100, 'Maymie Boyle', '', 'P', 'Hindu', '912 Wisoky Locks Suite 351\nDarwinport, WI 43166', 'NULL', '2019-09-15 02:23:33', '2019-09-15 02:23:33'),
(691, 100, 'Nestor Orn', '', 'P', 'Katolik', '32598 Pfeffer Stravenue\nTreuteltown, WI 69456-8441', 'NULL', '2019-09-15 02:23:33', '2019-09-15 02:23:33'),
(692, 100, 'Ana Vandervort IV', '', 'P', 'Budha', '4544 Schmidt Mountains\nWest Alison, WA 11616-8787', 'NULL', '2019-09-15 02:23:33', '2019-09-15 02:23:33'),
(693, 100, 'Caleb Weimann V', '', 'P', 'Hindu', '4943 Ward Villages Suite 501\nRaymundoville, KY 59690', 'NULL', '2019-09-15 02:23:33', '2019-09-15 02:23:33'),
(694, 100, 'Mr. Nathanael Kuhlman I', '', 'L', 'Budha', '18340 Smitham Island\nLake Leliaburgh, RI 57316-1679', 'NULL', '2019-09-15 02:23:33', '2019-09-15 02:23:33'),
(695, 100, 'Mrs. Muriel Bailey', '', 'P', 'Budha', '774 Lavina Forks\nNew Brandyn, VA 17640-9447', 'NULL', '2019-09-15 02:23:33', '2019-09-15 02:23:33'),
(696, 100, 'Dr. Marco Wilkinson', '', 'L', 'Islam', '6473 Nannie Stravenue Suite 609\nAliastad, MA 87610-3002', 'NULL', '2019-09-15 02:23:33', '2019-09-15 02:23:33'),
(697, 100, 'Jeromy Hudson MD', '', 'P', 'Katolik', '74455 Carroll Shoal\nTrevorshire, MA 93218', 'NULL', '2019-09-15 02:23:33', '2019-09-15 02:23:33'),
(698, 100, 'Mrs. Allene Gislason', '', 'P', 'Islam', '416 Devon Locks Apt. 481\nSouth Florine, WV 51154-7638', 'NULL', '2019-09-15 02:23:34', '2019-09-15 02:23:34'),
(699, 100, 'Bernhard Lesch', '', 'L', 'Islam', '88653 Hermann Mission\nNorth Santinoside, CO 98072', 'NULL', '2019-09-15 02:23:34', '2019-09-15 02:23:34'),
(700, 100, 'Emie Dickinson', '', 'P', 'Hindu', '504 Kunde Land\nNew Madieborough, HI 09185', 'NULL', '2019-09-15 02:23:34', '2019-09-15 02:23:34'),
(701, 100, 'Katarina Roberts', '', 'L', 'Kristen', '9563 Gulgowski Canyon\nNew Maximo, CA 56827-4449', 'NULL', '2019-09-15 02:23:34', '2019-09-15 02:23:34'),
(702, 100, 'Prof. Tremaine Mante', '', 'L', 'Islam', '893 Conrad Prairie Suite 348\nRogahnton, MO 92709', 'NULL', '2019-09-15 02:23:34', '2019-09-15 02:23:34'),
(703, 100, 'Kianna Dickinson', '', 'P', 'Hindu', '7795 Nella Crossing Apt. 213\nPort Jerome, MN 25874-3835', 'NULL', '2019-09-15 02:23:34', '2019-09-15 02:23:34'),
(704, 100, 'Bret Russel DVM', '', 'P', 'Islam', '4007 Gutmann Common Apt. 951\nErnserview, DC 28313-7178', 'NULL', '2019-09-15 02:23:34', '2019-09-15 02:23:34'),
(705, 100, 'Viviane Lindgren', '', 'P', 'Katolik', '17143 Mavis Stream\nBuckridgeton, ND 70028', 'NULL', '2019-09-15 02:23:34', '2019-09-15 02:23:34'),
(706, 100, 'Devin Lehner', '', 'P', 'Katolik', '9180 Jordon Centers\nNikolausbury, OR 46377-8212', 'NULL', '2019-09-15 02:23:34', '2019-09-15 02:23:34'),
(707, 100, 'Tremayne Emmerich', '', 'L', 'Budha', '305 Lesch Forge\nNew Henryport, OH 96345-1875', 'NULL', '2019-09-15 02:23:34', '2019-09-15 02:23:34'),
(708, 100, 'Natalie Treutel', '', 'L', 'Budha', '56418 Pietro Alley Apt. 173\nNorth Avishaven, WA 52854', 'NULL', '2019-09-15 02:23:34', '2019-09-15 02:23:34'),
(709, 100, 'Kole Schuster', '', 'L', 'Hindu', '765 Jonathon Burg Suite 170\nAntwonstad, AZ 21938', 'NULL', '2019-09-15 02:23:34', '2019-09-15 02:23:34'),
(710, 100, 'Trycia Wisoky II', '', 'L', 'Kristen', '21745 Skiles View Suite 946\nPort Leanneside, IA 31971-5573', 'NULL', '2019-09-15 02:23:34', '2019-09-15 02:23:34'),
(711, 100, 'Christophe Schaden', '', 'L', 'Katolik', '76553 Kreiger Motorway Suite 685\nMarquiseville, IL 50217-6008', 'NULL', '2019-09-15 02:23:34', '2019-09-15 02:23:34'),
(712, 100, 'Mr. Kip West', '', 'L', 'Hindu', '599 Freeda Junction\nBorerhaven, LA 47879', 'NULL', '2019-09-15 02:23:34', '2019-09-15 02:23:34'),
(713, 100, 'Yasmeen Buckridge DDS', '', 'P', 'Kristen', '287 Lang Burg\nWisozkchester, KY 39788-9496', 'NULL', '2019-09-15 02:23:34', '2019-09-15 02:23:34'),
(714, 100, 'Cristal Shields', '', 'L', 'Budha', '3237 Shields River Apt. 321\nBreitenbergburgh, MN 18340', 'NULL', '2019-09-15 02:23:34', '2019-09-15 02:23:34'),
(715, 100, 'Dr. Khalil Rippin', '', 'P', 'Katolik', '300 Bogan Summit Suite 696\nNew Alberthaside, WA 65998-1705', 'NULL', '2019-09-15 02:23:34', '2019-09-15 02:23:34'),
(716, 100, 'Lonzo Bartell', '', 'P', 'Islam', '982 Von Overpass\nMadilynberg, PA 90299-4979', 'NULL', '2019-09-15 02:23:34', '2019-09-15 02:23:34'),
(717, 100, 'Prof. Haley Bins PhD', '', 'P', 'Kristen', '8751 Adalberto Lodge Apt. 130\nSchambergermouth, OR 87609', 'NULL', '2019-09-15 02:23:34', '2019-09-15 02:23:34'),
(718, 100, 'Mr. Elliot Schneider MD', '', 'L', 'Kristen', '396 Caden Ramp Suite 051\nSouth Joannie, NM 14915', 'NULL', '2019-09-15 02:23:34', '2019-09-15 02:23:34'),
(719, 100, 'Felicita Swift', '', 'P', 'Katolik', '93777 Loyce Crossing\nEast Samport, MT 75891', 'NULL', '2019-09-15 02:23:35', '2019-09-15 02:23:35'),
(720, 100, 'Reece Blick', '', 'L', 'Hindu', '806 Corrine Port Apt. 220\nNew Darianahaven, LA 94645-9820', 'NULL', '2019-09-15 02:23:35', '2019-09-15 02:23:35'),
(721, 100, 'Dr. Aniyah Jacobi', '', 'L', 'Budha', '97671 Hahn Creek\nPourosshire, MS 43681-4359', 'NULL', '2019-09-15 02:23:35', '2019-09-15 02:23:35'),
(722, 100, 'Ms. Lia Veum MD', '', 'P', 'Katolik', '9744 Velva Fork Suite 484\nDuBuqueview, DE 82484', 'NULL', '2019-09-15 02:23:35', '2019-09-15 02:23:35'),
(723, 100, 'Hudson Herzog', '', 'L', 'Katolik', '61531 Denis Ridges Suite 913\nPaucekborough, RI 32952', 'NULL', '2019-09-15 02:23:35', '2019-09-15 02:23:35'),
(724, 100, 'Friedrich Runolfsdottir', '', 'L', 'Kristen', '6256 Lenora Summit Suite 060\nWolffmouth, AR 36002', 'NULL', '2019-09-15 02:23:35', '2019-09-15 02:23:35'),
(725, 100, 'Prof. Amelie Mueller', '', 'P', 'Islam', '655 Vivienne Cliffs Apt. 317\nNannieton, IN 73746-7504', 'NULL', '2019-09-15 02:23:35', '2019-09-15 02:23:35'),
(726, 100, 'Mona Mertz', '', 'L', 'Hindu', '91777 Henry Point\nPort Destanyfort, PA 73179', 'NULL', '2019-09-15 02:23:35', '2019-09-15 02:23:35'),
(727, 100, 'Geo Lockman', '', 'L', 'Islam', '60278 Walker Freeway Suite 801\nEast Felipafort, KY 73898', 'NULL', '2019-09-15 02:23:35', '2019-09-15 02:23:35'),
(728, 100, 'Toni Schiller', '', 'L', 'Hindu', '580 Bell Gardens Suite 530\nWest Justus, VA 62439', 'NULL', '2019-09-15 02:23:35', '2019-09-15 02:23:35'),
(729, 100, 'Ramiro Kihn', '', 'L', 'Hindu', '3646 Karli Hill\nPort Charleyland, MA 95490', 'NULL', '2019-09-15 02:23:35', '2019-09-15 02:23:35'),
(730, 100, 'Mertie McLaughlin', '', 'L', 'Budha', '11439 Cassin Highway\nHilariomouth, MA 78653', 'NULL', '2019-09-15 02:23:35', '2019-09-15 02:23:35'),
(731, 100, 'Dorian Heaney', '', 'P', 'Islam', '54700 Huel Roads\nEast Arnemouth, NV 22330', 'NULL', '2019-09-15 02:23:35', '2019-09-15 02:23:35'),
(732, 100, 'Aletha McCullough IV', '', 'P', 'Hindu', '33689 O\'Kon Radial Suite 671\nWest Edgar, NY 11567', 'NULL', '2019-09-15 02:23:35', '2019-09-15 02:23:35'),
(733, 100, 'Moshe Hilpert', '', 'P', 'Kristen', '709 Dickens Court\nNorth Guadalupe, WV 09094-0507', 'NULL', '2019-09-15 02:23:35', '2019-09-15 02:23:35'),
(734, 100, 'Ms. Aliya Goyette', '', 'P', 'Islam', '3092 Adela Valley\nSouth Estell, ID 99262', 'NULL', '2019-09-15 02:23:35', '2019-09-15 02:23:35'),
(735, 100, 'Damian Krajcik', '', 'L', 'Katolik', '7378 Bechtelar Prairie\nNew Ashly, DE 05578', 'NULL', '2019-09-15 02:23:35', '2019-09-15 02:23:35'),
(736, 100, 'Stewart Ondricka', '', 'L', 'Kristen', '3959 Bins Forges Suite 022\nCandiceview, CA 90010-9116', 'NULL', '2019-09-15 02:23:35', '2019-09-15 02:23:35'),
(737, 100, 'Mr. Morgan Hauck DDS', '', 'L', 'Katolik', '999 Jaren Key Suite 212\nNorth Marjolaine, LA 47032-8664', 'NULL', '2019-09-15 02:23:36', '2019-09-15 02:23:36'),
(738, 100, 'Ada Dicki', '', 'P', 'Islam', '93573 Green Plains Apt. 373\nLake Yesseniaside, MD 72794', 'NULL', '2019-09-15 02:23:36', '2019-09-15 02:23:36'),
(739, 100, 'Myrtle Turner', '', 'P', 'Islam', '120 Kertzmann Common\nSwiftburgh, IA 05729', 'NULL', '2019-09-15 02:23:36', '2019-09-15 02:23:36'),
(740, 100, 'Renee Langosh', '', 'L', 'Katolik', '576 Graciela Island Suite 104\nHershelchester, NH 04161-4224', 'NULL', '2019-09-15 02:23:36', '2019-09-15 02:23:36'),
(741, 100, 'Charlene Bode MD', '', 'L', 'Kristen', '69372 Oma Viaduct\nWest Nilsville, MN 44391-9253', 'NULL', '2019-09-15 02:23:36', '2019-09-15 02:23:36'),
(742, 100, 'Vernie Hettinger', '', 'L', 'Katolik', '46750 Morissette Plains Suite 099\nLangfurt, MO 87456-1847', 'NULL', '2019-09-15 02:23:36', '2019-09-15 02:23:36'),
(743, 100, 'Adrian Hagenes', '', 'L', 'Budha', '31372 Langworth Drives Suite 037\nKlingtown, VA 80810', 'NULL', '2019-09-15 02:23:36', '2019-09-15 02:23:36'),
(744, 100, 'Prof. Edna Corkery', '', 'P', 'Islam', '2737 Kris Ville\nLake Caesarmouth, VT 19985', 'NULL', '2019-09-15 02:23:36', '2019-09-15 02:23:36'),
(745, 100, 'Mrs. Florine Wisoky Jr.', '', 'L', 'Katolik', '48117 Lessie Village\nEast Jaquelineport, DE 46812-4332', 'NULL', '2019-09-15 02:23:36', '2019-09-15 02:23:36'),
(746, 100, 'Antonette Hartmann', '', 'L', 'Budha', '643 Kole Island\nSouth Donnellfurt, AK 73150', 'NULL', '2019-09-15 02:23:36', '2019-09-15 02:23:36'),
(747, 100, 'Prof. Sophie Ryan PhD', '', 'L', 'Katolik', '299 Alysson Landing\nNorth Consueloshire, CO 01448-4099', 'NULL', '2019-09-15 02:23:36', '2019-09-15 02:23:36'),
(748, 100, 'Ms. Alanna Witting V', '', 'P', 'Islam', '269 Champlin Rest Apt. 383\nAveryville, WV 04370-6087', 'NULL', '2019-09-15 02:23:36', '2019-09-15 02:23:36'),
(749, 100, 'Zion Ruecker', '', 'L', 'Hindu', '58329 Bill Lodge\nWest Nehaton, MO 48845-4731', 'NULL', '2019-09-15 02:23:36', '2019-09-15 02:23:36'),
(750, 100, 'Mara Heaney DDS', '', 'P', 'Islam', '888 Bartell Center\nPort Mertieland, OK 09289-8147', 'NULL', '2019-09-15 02:23:36', '2019-09-15 02:23:36'),
(751, 100, 'Gustave Hirthe', '', 'P', 'Katolik', '1879 Jaskolski Views\nEast Georgiannabury, OR 56002', 'NULL', '2019-09-15 02:23:36', '2019-09-15 02:23:36'),
(752, 100, 'Ibrahim Beer DVM', '', 'P', 'Islam', '6459 Brian Mountain Suite 575\nSouth Deonland, OK 34701', 'NULL', '2019-09-15 02:23:36', '2019-09-15 02:23:36'),
(753, 100, 'Valerie Schuster', '', 'P', 'Katolik', '2651 Lindgren Drives Suite 275\nNew Stacey, SC 01912-6970', 'NULL', '2019-09-15 02:23:36', '2019-09-15 02:23:36'),
(754, 100, 'Ms. Jade Jerde IV', '', 'L', 'Kristen', '132 Melyna Falls Suite 116\nLake Alfred, AL 45607-3673', 'NULL', '2019-09-15 02:23:36', '2019-09-15 02:23:36'),
(755, 100, 'Delores Terry Sr.', '', 'P', 'Hindu', '2008 Braun Motorway\nPort Camille, AZ 54451', 'NULL', '2019-09-15 02:23:36', '2019-09-15 02:23:36'),
(756, 100, 'Kenneth Auer', '', 'P', 'Budha', '890 Lempi Lake\nEast Frederique, MO 73275', 'NULL', '2019-09-15 02:23:36', '2019-09-15 02:23:36'),
(757, 100, 'Rosalind Marvin', '', 'P', 'Hindu', '137 Rupert Crescent\nBeattyland, NE 24916', 'NULL', '2019-09-15 02:23:36', '2019-09-15 02:23:36'),
(758, 100, 'Dorothea Balistreri', '', 'L', 'Islam', '28324 Peggie Cove Apt. 093\nPort Yasmeen, NV 84109-6111', 'NULL', '2019-09-15 02:23:36', '2019-09-15 02:23:36'),
(759, 100, 'Emmanuelle Boyer', '', 'L', 'Hindu', '351 Boehm Ranch\nMohrmouth, DC 55879', 'NULL', '2019-09-15 02:23:36', '2019-09-15 02:23:36'),
(760, 100, 'Kristina White', '', 'L', 'Budha', '194 Maia Circles\nWest Dennischester, CO 11246', 'NULL', '2019-09-15 02:23:36', '2019-09-15 02:23:36'),
(761, 100, 'Mrs. Ida Lind IV', '', 'P', 'Islam', '323 Madalyn Path\nBartolettiview, RI 59012-6267', 'NULL', '2019-09-15 02:23:37', '2019-09-15 02:23:37'),
(762, 100, 'Lupe Parker', '', 'P', 'Islam', '55735 Meagan Forge\nTrudiehaven, AZ 86422', 'NULL', '2019-09-15 02:23:37', '2019-09-15 02:23:37'),
(763, 100, 'Kira Marks', '', 'L', 'Hindu', '410 Mante Lane\nNew Edgarbury, ID 49473', 'NULL', '2019-09-15 02:23:37', '2019-09-15 02:23:37'),
(764, 100, 'Kaylah Berge', '', 'P', 'Hindu', '324 Wisozk Springs Suite 167\nNorth Jackville, AR 00664-1388', 'NULL', '2019-09-15 02:23:37', '2019-09-15 02:23:37'),
(765, 100, 'Mr. Shawn Gleichner MD', '', 'P', 'Hindu', '8085 Keyshawn Fork\nEast Lenny, VA 30852-8008', 'NULL', '2019-09-15 02:23:37', '2019-09-15 02:23:37'),
(766, 100, 'Kayleigh Weimann', '', 'L', 'Islam', '6676 Adrain Passage Suite 355\nAugustinetown, VA 09332', 'NULL', '2019-09-15 02:23:37', '2019-09-15 02:23:37'),
(767, 100, 'Madeline Price', '', 'L', 'Kristen', '982 Alan Hill\nNew Missouri, NJ 77814', 'NULL', '2019-09-15 02:23:37', '2019-09-15 02:23:37'),
(768, 100, 'Lauren Bogisich', '', 'L', 'Katolik', '199 Donny Falls\nNew Hubert, CT 29220-9958', 'NULL', '2019-09-15 02:23:37', '2019-09-15 02:23:37'),
(769, 100, 'Mike Hintz Jr.', '', 'P', 'Islam', '650 Heller Shoals\nNorth Kaleyfort, MT 69433', 'NULL', '2019-09-15 02:23:37', '2019-09-15 02:23:37'),
(770, 100, 'Olin Lemke', '', 'L', 'Hindu', '944 Arlie Trail Apt. 292\nHenrybury, LA 59272-6694', 'NULL', '2019-09-15 02:23:37', '2019-09-15 02:23:37'),
(771, 100, 'Christ Kulas Sr.', '', 'L', 'Hindu', '466 Schuster Street Suite 975\nEast Mallie, PA 79516-3021', 'NULL', '2019-09-15 02:23:37', '2019-09-15 02:23:37'),
(772, 100, 'Kyleigh Lang I', '', 'P', 'Hindu', '7714 Kris Expressway\nKearaside, KS 75441-9741', 'NULL', '2019-09-15 02:23:37', '2019-09-15 02:23:37'),
(773, 100, 'Ms. Vivienne Pfeffer DVM', '', 'L', 'Islam', '972 Greenfelder Landing Suite 675\nSouth Judahshire, VT 71133', 'NULL', '2019-09-15 02:23:37', '2019-09-15 02:23:37'),
(774, 100, 'Christ Denesik', '', 'P', 'Kristen', '64333 Sonia Causeway\nMetztown, OR 38165-8404', 'NULL', '2019-09-15 02:23:37', '2019-09-15 02:23:37'),
(775, 100, 'Kailyn Jast', '', 'P', 'Islam', '4958 Barbara Rest\nRobertsshire, CA 55664', 'NULL', '2019-09-15 02:23:37', '2019-09-15 02:23:37'),
(776, 100, 'Ellsworth Hoppe PhD', '', 'P', 'Kristen', '98518 Davis Flats\nEast Janyhaven, CA 67601-3715', 'NULL', '2019-09-15 02:23:37', '2019-09-15 02:23:37'),
(777, 100, 'Ernie Wehner', '', 'P', 'Hindu', '1037 Lelah Estates\nSouth Candido, SD 44524-3090', 'NULL', '2019-09-15 02:23:37', '2019-09-15 02:23:37'),
(778, 100, 'Idella Ferry Sr.', '', 'L', 'Budha', '70472 Barrett Fort\nDustyton, ND 96913-6797', 'NULL', '2019-09-15 02:23:37', '2019-09-15 02:23:37'),
(779, 100, 'Mr. Marques Dickinson Jr.', '', 'P', 'Kristen', '7070 Jessy Path\nDarechester, MA 76543-2654', 'NULL', '2019-09-15 02:23:37', '2019-09-15 02:23:37'),
(780, 100, 'Darrel Borer', '', 'L', 'Budha', '41557 Bridgette Crest Suite 804\nYostfurt, AZ 23169', 'NULL', '2019-09-15 02:23:37', '2019-09-15 02:23:37'),
(781, 100, 'Dr. Trey Rowe DDS', '', 'L', 'Islam', '2115 O\'Conner Rapid Apt. 991\nRathstad, OH 62369', 'NULL', '2019-09-15 02:23:37', '2019-09-15 02:23:37'),
(782, 100, 'Jazlyn Will', '', 'L', 'Islam', '83943 Leslie Hill\nJavonview, MO 12192', 'NULL', '2019-09-15 02:23:37', '2019-09-15 02:23:37'),
(783, 100, 'Earlene Robel DDS', '', 'L', 'Islam', '30922 Patience Mount Apt. 642\nNew Paulafort, IA 44047', 'NULL', '2019-09-15 02:23:37', '2019-09-15 02:23:37'),
(784, 100, 'Adrian O\'Reilly', '', 'L', 'Kristen', '262 Dare Circles Suite 670\nThadview, NY 09040', 'NULL', '2019-09-15 02:23:37', '2019-09-15 02:23:37'),
(785, 100, 'Art Muller III', '', 'L', 'Hindu', '167 Thelma Drive\nFraneckiberg, MA 87347', 'NULL', '2019-09-15 02:23:37', '2019-09-15 02:23:37'),
(786, 100, 'Tessie Johnston', '', 'L', 'Kristen', '989 Al Haven Apt. 567\nHillsmouth, WV 88673-2419', 'NULL', '2019-09-15 02:23:38', '2019-09-15 02:23:38'),
(787, 100, 'Rodrigo Veum', '', 'P', 'Kristen', '39738 Russel Via Apt. 580\nNew Esmeralda, CT 49975-4831', 'NULL', '2019-09-15 02:23:38', '2019-09-15 02:23:38'),
(788, 100, 'Willie Altenwerth', '', 'L', 'Budha', '41686 Brandyn Crossroad\nTerrellport, DC 91967', 'NULL', '2019-09-15 02:23:38', '2019-09-15 02:23:38'),
(789, 100, 'Kasey Ziemann Jr.', '', 'P', 'Kristen', '59476 Demetris Pike Suite 770\nVivianeland, GA 80619', 'NULL', '2019-09-15 02:23:38', '2019-09-15 02:23:38'),
(790, 100, 'Concepcion Prosacco', '', 'P', 'Hindu', '89968 Dorthy Light\nMoiseshaven, MN 86496-2996', 'NULL', '2019-09-15 02:23:38', '2019-09-15 02:23:38'),
(791, 100, 'Mrs. Lura Williamson', '', 'L', 'Hindu', '63383 Demario Radial Suite 449\nNorth Emilyhaven, WI 54804-5878', 'NULL', '2019-09-15 02:23:38', '2019-09-15 02:23:38'),
(792, 100, 'Pearlie Tillman', '', 'L', 'Kristen', '160 Sienna Estates Apt. 563\nNew Nametown, CO 09236-1038', 'NULL', '2019-09-15 02:23:38', '2019-09-15 02:23:38'),
(793, 100, 'Stanley Ryan', '', 'L', 'Katolik', '756 Francis Well\nEast Edward, NY 12280', 'NULL', '2019-09-15 02:23:38', '2019-09-15 02:23:38'),
(794, 100, 'Prof. Santa Larkin III', '', 'L', 'Hindu', '4419 Nikolaus Locks Suite 569\nAugustland, NM 69020', 'NULL', '2019-09-15 02:23:38', '2019-09-15 02:23:38'),
(795, 100, 'Leanne Cummerata DDS', '', 'L', 'Budha', '849 Hayes Stream Apt. 214\nNorth Zella, OH 73060-9439', 'NULL', '2019-09-15 02:23:38', '2019-09-15 02:23:38'),
(796, 100, 'Friedrich Huels', '', 'L', 'Islam', '5251 Treva Meadow\nStreichburgh, MO 91805', 'NULL', '2019-09-15 02:23:38', '2019-09-15 02:23:38'),
(797, 100, 'Miss Laury Ledner V', '', 'P', 'Katolik', '3752 Steuber Forks\nJohnsonchester, OK 77103-6706', 'NULL', '2019-09-15 02:23:38', '2019-09-15 02:23:38'),
(798, 100, 'Luella Koch', '', 'L', 'Budha', '195 Kulas Turnpike\nNorth Raina, CO 72341-4212', 'NULL', '2019-09-15 02:23:38', '2019-09-15 02:23:38'),
(799, 100, 'Mrs. Elisha Mante', '', 'L', 'Islam', '5337 Earnest Estate\nWest Roslynburgh, GA 03635-9085', 'NULL', '2019-09-15 02:23:38', '2019-09-15 02:23:38'),
(800, 100, 'Nathan Kautzer', '', 'L', 'Hindu', '44429 Kerluke Knolls\nWest Triston, MA 19627', 'NULL', '2019-09-15 02:23:38', '2019-09-15 02:23:38'),
(801, 100, 'Kris Cartwright', '', 'P', 'Hindu', '914 McLaughlin Grove\nDachburgh, AR 60519', 'NULL', '2019-09-15 02:23:38', '2019-09-15 02:23:38'),
(802, 100, 'Amber Morar', '', 'P', 'Budha', '292 Levi Union Apt. 222\nTaureanchester, TN 90458', 'NULL', '2019-09-15 02:23:39', '2019-09-15 02:23:39'),
(803, 100, 'Haylee Dickens', '', 'P', 'Kristen', '500 Kozey Shoal Suite 650\nVonberg, PA 96074', 'NULL', '2019-09-15 02:23:39', '2019-09-15 02:23:39'),
(804, 100, 'Domenica Ortiz', '', 'P', 'Budha', '4138 O\'Conner Pine\nCobyville, OK 40926', 'NULL', '2019-09-15 02:23:39', '2019-09-15 02:23:39'),
(805, 100, 'Carolyne Collins', '', 'L', 'Kristen', '4212 Kolby Trail\nGorczanybury, OH 94841-6147', 'NULL', '2019-09-15 02:23:39', '2019-09-15 02:23:39'),
(806, 100, 'Danny Cruickshank', '', 'L', 'Kristen', '73549 Jaleel Forges\nSchmelerland, OK 28051-5165', 'NULL', '2019-09-15 02:23:39', '2019-09-15 02:23:39'),
(807, 100, 'Prof. Shayne Welch PhD', '', 'P', 'Islam', '19871 Lind Alley Suite 274\nNew Paigebury, GA 17789', 'NULL', '2019-09-15 02:23:39', '2019-09-15 02:23:39'),
(808, 100, 'Jared Huel', '', 'L', 'Islam', '570 Isabel Wall Suite 273\nValentinestad, MO 90837-0002', 'NULL', '2019-09-15 02:23:39', '2019-09-15 02:23:39'),
(809, 100, 'Dr. Virgie Huel', '', 'L', 'Katolik', '4138 Keebler Forks Apt. 373\nSouth Audraberg, IL 94837', 'NULL', '2019-09-15 02:23:39', '2019-09-15 02:23:39'),
(810, 100, 'Anjali Hahn', '', 'L', 'Kristen', '304 Stracke Pine\nNew Richard, HI 53503', 'NULL', '2019-09-15 02:23:39', '2019-09-15 02:23:39'),
(811, 100, 'Weston Sipes', '', 'P', 'Islam', '3705 Waelchi Parkway\nJaquelinebury, NC 08225', 'NULL', '2019-09-15 02:23:39', '2019-09-15 02:23:39'),
(812, 100, 'Mr. Hal Gaylord III', '', 'L', 'Budha', '20516 Estefania Dam Suite 756\nSanfordville, WA 78963-8842', 'NULL', '2019-09-15 02:23:39', '2019-09-15 02:23:39'),
(813, 100, 'Fern Graham', '', 'L', 'Kristen', '392 Labadie Plains Suite 407\nPricetown, PA 97437-4963', 'NULL', '2019-09-15 02:23:39', '2019-09-15 02:23:39'),
(814, 100, 'Magnus Luettgen', '', 'L', 'Katolik', '42774 Kamryn Key Suite 924\nLake Abelport, SD 43325', 'NULL', '2019-09-15 02:23:39', '2019-09-15 02:23:39'),
(815, 100, 'Santa Von', '', 'P', 'Katolik', '3333 Percy Locks Suite 869\nElianborough, IL 59358', 'NULL', '2019-09-15 02:23:40', '2019-09-15 02:23:40'),
(816, 100, 'Ephraim Towne', '', 'P', 'Islam', '8079 Rath Court Suite 363\nWisozkfurt, TX 79902-8853', 'NULL', '2019-09-15 02:23:40', '2019-09-15 02:23:40'),
(817, 100, 'Krista Stokes', '', 'P', 'Islam', '1509 Schmeler Plains Apt. 421\nKelvinburgh, NJ 06641-9931', 'NULL', '2019-09-15 02:23:40', '2019-09-15 02:23:40'),
(818, 100, 'Simeon Bechtelar', '', 'L', 'Islam', '380 Clifford Prairie\nCarterchester, ND 13224', 'NULL', '2019-09-15 02:23:40', '2019-09-15 02:23:40'),
(819, 100, 'Ms. Corrine Raynor Sr.', '', 'L', 'Katolik', '17231 Murazik Terrace Suite 501\nEast Ilachester, AR 68937-6942', 'NULL', '2019-09-15 02:23:40', '2019-09-15 02:23:40'),
(820, 100, 'Freddy Schmidt', '', 'L', 'Islam', '647 Stevie Drives Apt. 583\nWest Presleybury, CT 84952', 'NULL', '2019-09-15 02:23:40', '2019-09-15 02:23:40'),
(821, 100, 'Dayton Nikolaus', '', 'L', 'Islam', '803 Aric Meadow\nJanickburgh, OH 01536-1918', 'NULL', '2019-09-15 02:23:40', '2019-09-15 02:23:40'),
(822, 100, 'Brando Erdman', '', 'L', 'Katolik', '201 Joaquin Turnpike Suite 137\nNorth Stephanieburgh, MN 96209-0171', 'NULL', '2019-09-15 02:23:40', '2019-09-15 02:23:40'),
(823, 100, 'Dr. Kendra Gaylord', '', 'L', 'Budha', '634 Blanda Corner Apt. 369\nWillchester, WV 72260-0100', 'NULL', '2019-09-15 02:23:40', '2019-09-15 02:23:40'),
(824, 100, 'Esperanza Rogahn', '', 'P', 'Hindu', '366 Koby Walks Apt. 904\nHagenesmouth, SC 59556-2032', 'NULL', '2019-09-15 02:23:40', '2019-09-15 02:23:40'),
(825, 100, 'Axel Jenkins', '', 'P', 'Islam', '198 Shyanne Alley Suite 115\nNew Riley, NY 90605', 'NULL', '2019-09-15 02:23:40', '2019-09-15 02:23:40'),
(826, 100, 'Emmett Volkman', '', 'P', 'Budha', '1642 Aisha Key Apt. 610\nAnitaburgh, MT 28524', 'NULL', '2019-09-15 02:23:40', '2019-09-15 02:23:40'),
(827, 100, 'Mr. Hershel Schroeder', '', 'L', 'Katolik', '804 Spinka Lodge\nEast Ramon, MA 12818-8209', 'NULL', '2019-09-15 02:23:40', '2019-09-15 02:23:40'),
(828, 100, 'Gerald Zulauf', '', 'L', 'Katolik', '424 Kuhic Oval Suite 979\nRennermouth, KY 12718-4838', 'NULL', '2019-09-15 02:23:40', '2019-09-15 02:23:40'),
(829, 100, 'Austyn Kihn Jr.', '', 'L', 'Hindu', '47245 Sydney Estates Suite 102\nGarretland, WA 37898', 'NULL', '2019-09-15 02:23:41', '2019-09-15 02:23:41'),
(830, 100, 'Waino Schulist', '', 'P', 'Islam', '74368 Morar Overpass Suite 234\nArlietown, AL 63074-1022', 'NULL', '2019-09-15 02:23:41', '2019-09-15 02:23:41'),
(831, 100, 'Willa Klocko', '', 'P', 'Katolik', '8668 Herta Lodge Suite 737\nNestorville, NE 73318', 'NULL', '2019-09-15 02:23:41', '2019-09-15 02:23:41'),
(832, 100, 'Prof. Jamar Halvorson', '', 'P', 'Katolik', '223 Fiona Burgs Apt. 631\nHarleymouth, DE 95173-0976', 'NULL', '2019-09-15 02:23:41', '2019-09-15 02:23:41'),
(833, 100, 'Ms. Elva Adams', '', 'P', 'Katolik', '8812 Nicolas Haven\nCollinton, MI 58677-1572', 'NULL', '2019-09-15 02:23:41', '2019-09-15 02:23:41'),
(834, 100, 'Mr. Jamie Ernser II', '', 'P', 'Islam', '9764 Emilio Inlet\nNew Mathew, FL 87535', 'NULL', '2019-09-15 02:23:41', '2019-09-15 02:23:41'),
(835, 100, 'Lorenz Jast IV', '', 'L', 'Hindu', '224 Spencer Crossroad Apt. 646\nNorth Theresia, AR 67874-7877', 'NULL', '2019-09-15 02:23:41', '2019-09-15 02:23:41'),
(836, 100, 'Dr. Emery Buckridge DDS', '', 'L', 'Hindu', '83616 Hortense Canyon\nDevynton, VT 04049-7932', 'NULL', '2019-09-15 02:23:41', '2019-09-15 02:23:41'),
(837, 100, 'Mr. Dave Brakus IV', '', 'P', 'Hindu', '7561 Icie Drives\nPort Augustineshire, RI 22373', 'NULL', '2019-09-15 02:23:41', '2019-09-15 02:23:41'),
(838, 100, 'Woodrow McClure', '', 'L', 'Islam', '651 Maryse Ferry Apt. 909\nGleichnerhaven, WI 37523', 'NULL', '2019-09-15 02:23:41', '2019-09-15 02:23:41'),
(839, 100, 'Mariela Reilly Jr.', '', 'L', 'Budha', '80011 Era Crossroad\nNew Bailee, FL 07727-3220', 'NULL', '2019-09-15 02:23:41', '2019-09-15 02:23:41'),
(840, 100, 'Dexter Rogahn', '', 'L', 'Islam', '62679 Champlin Station Apt. 286\nFredericview, WY 98078-1331', 'NULL', '2019-09-15 02:23:41', '2019-09-15 02:23:41'),
(841, 100, 'Hailey Cruickshank', '', 'P', 'Islam', '9735 Harley Dale Suite 822\nPort Yolandaville, WY 24309-9702', 'NULL', '2019-09-15 02:23:41', '2019-09-15 02:23:41'),
(842, 100, 'Mr. Davion Willms DVM', '', 'L', 'Budha', '99241 Jenkins Radial Apt. 894\nChristophefurt, NH 98667', 'NULL', '2019-09-15 02:23:41', '2019-09-15 02:23:41'),
(843, 100, 'Haylie Hilpert', '', 'P', 'Katolik', '682 Audie Extension Suite 839\nWilkinsonport, KS 79002-9675', 'NULL', '2019-09-15 02:23:41', '2019-09-15 02:23:41'),
(844, 100, 'Easter Schuppe', '', 'P', 'Budha', '4718 Kozey Ramp Suite 906\nGracieborough, SD 32436-2038', 'NULL', '2019-09-15 02:23:41', '2019-09-15 02:23:41'),
(845, 100, 'Grayson Stroman', '', 'P', 'Katolik', '410 Lucious Drive Suite 626\nMossiestad, IN 33094-7740', 'NULL', '2019-09-15 02:23:41', '2019-09-15 02:23:41'),
(846, 100, 'Prof. Augustus Cronin III', '', 'P', 'Hindu', '883 Nikolaus Meadow\nNayeliborough, GA 54716-9829', 'NULL', '2019-09-15 02:23:41', '2019-09-15 02:23:41'),
(847, 100, 'Leonardo Koelpin', '', 'P', 'Hindu', '80456 Robbie Points Apt. 754\nNew Colleen, KY 95373-0933', 'NULL', '2019-09-15 02:23:41', '2019-09-15 02:23:41'),
(848, 100, 'Miss Brenda Hauck Sr.', '', 'P', 'Katolik', '327 Monahan Stream Suite 698\nNorth Violetteport, MI 80203', 'NULL', '2019-09-15 02:23:41', '2019-09-15 02:23:41'),
(849, 100, 'Dr. Zack Marvin', '', 'L', 'Hindu', '1885 Dibbert Avenue Suite 419\nEast Emilianoshire, UT 54415-8508', 'NULL', '2019-09-15 02:23:41', '2019-09-15 02:23:41'),
(850, 100, 'Dr. Devon Hilpert', '', 'L', 'Islam', '87298 Marcelina Streets\nWest Leathaport, SC 52299', 'NULL', '2019-09-15 02:23:41', '2019-09-15 02:23:41'),
(851, 100, 'Bert Gerhold', '', 'L', 'Budha', '445 Raegan Harbors\nWest Erwin, WV 55970', 'NULL', '2019-09-15 02:23:42', '2019-09-15 02:23:42'),
(852, 100, 'Serena Rodriguez', '', 'L', 'Kristen', '5576 O\'Reilly Wells\nConstantinland, ME 43436', 'NULL', '2019-09-15 02:23:42', '2019-09-15 02:23:42'),
(853, 100, 'Carmella Schultz', '', 'P', 'Hindu', '89517 Brain Shoals\nNew Lindamouth, AK 26088-0656', 'NULL', '2019-09-15 02:23:42', '2019-09-15 02:23:42'),
(854, 100, 'Kenton Heaney', '', 'L', 'Kristen', '223 Brekke Skyway\nDeckowburgh, NH 84614-3169', 'NULL', '2019-09-15 02:23:42', '2019-09-15 02:23:42'),
(855, 100, 'Jasen DuBuque', '', 'L', 'Budha', '587 Trent Stream\nAronhaven, DE 46424', 'NULL', '2019-09-15 02:23:42', '2019-09-15 02:23:42'),
(856, 100, 'Prof. Heath Fay', '', 'P', 'Hindu', '146 Lucienne Isle Suite 193\nWest Annamaeport, SD 98561', 'NULL', '2019-09-15 02:23:42', '2019-09-15 02:23:42'),
(857, 100, 'Alia Heathcote', '', 'L', 'Budha', '260 Michel Overpass Apt. 871\nWebsterview, RI 00148-2617', 'NULL', '2019-09-15 02:23:42', '2019-09-15 02:23:42'),
(858, 100, 'Rosalinda Bernier', '', 'P', 'Kristen', '3061 Fadel Circles Apt. 927\nMcDermotttown, CT 05527-2434', 'NULL', '2019-09-15 02:23:42', '2019-09-15 02:23:42'),
(859, 100, 'Jeramie Bruen II', '', 'L', 'Hindu', '59387 Ismael Tunnel\nLake Wendelltown, MA 14167-1474', 'NULL', '2019-09-15 02:23:42', '2019-09-15 02:23:42'),
(860, 100, 'Alverta Abbott', '', 'P', 'Islam', '356 Kuphal Isle Suite 984\nEmiliofurt, ID 33719', 'NULL', '2019-09-15 02:23:42', '2019-09-15 02:23:42'),
(861, 100, 'Jules Rice', '', 'L', 'Katolik', '5872 Greenfelder Passage\nAddiechester, TX 03618', 'NULL', '2019-09-15 02:23:42', '2019-09-15 02:23:42'),
(862, 100, 'Emmet Rau', '', 'P', 'Katolik', '381 Wilhelm Circle\nAngelaberg, MN 52785-9011', 'NULL', '2019-09-15 02:23:42', '2019-09-15 02:23:42'),
(863, 100, 'Arne Lindgren', '', 'P', 'Hindu', '7516 Hermiston Wall Suite 606\nMariliestad, NV 83936-8754', 'NULL', '2019-09-15 02:23:42', '2019-09-15 02:23:42'),
(864, 100, 'Lorenzo Ruecker', '', 'L', 'Katolik', '3440 Arvilla Oval\nNapoleonfort, OR 43844-2445', 'NULL', '2019-09-15 02:23:42', '2019-09-15 02:23:42'),
(865, 100, 'Kristopher Medhurst Sr.', '', 'P', 'Islam', '29137 Vaughn Track Suite 102\nMarjorychester, KY 16381-0640', 'NULL', '2019-09-15 02:23:42', '2019-09-15 02:23:42'),
(866, 100, 'Cathrine Renner', '', 'L', 'Budha', '77904 Bergnaum Island\nNew Raeganmouth, GA 12318', 'NULL', '2019-09-15 02:23:42', '2019-09-15 02:23:42'),
(867, 100, 'Jude Hudson', '', 'P', 'Budha', '658 Garrick Village\nEast Elvera, ID 77200-5602', 'NULL', '2019-09-15 02:23:42', '2019-09-15 02:23:42'),
(868, 100, 'Bonita Feest', '', 'L', 'Budha', '412 Nikolaus Stream\nRathhaven, IL 29684', 'NULL', '2019-09-15 02:23:42', '2019-09-15 02:23:42'),
(869, 100, 'Norwood Tillman', '', 'L', 'Katolik', '5277 Halle Coves Apt. 535\nPort Davonte, SD 77128-6126', 'NULL', '2019-09-15 02:23:42', '2019-09-15 02:23:42'),
(870, 100, 'Carmen Lang', '', 'P', 'Hindu', '6847 Schoen Grove\nLake Skyeton, MN 36450-6897', 'NULL', '2019-09-15 02:23:42', '2019-09-15 02:23:42'),
(871, 100, 'Leonor Ortiz', '', 'P', 'Hindu', '954 Dach Prairie\nTillmanborough, VT 73940', 'NULL', '2019-09-15 02:23:42', '2019-09-15 02:23:42'),
(872, 100, 'Elfrieda Ondricka DVM', '', 'P', 'Budha', '74715 Muller Court\nSpinkaborough, OR 00224', 'NULL', '2019-09-15 02:23:42', '2019-09-15 02:23:42'),
(873, 100, 'Dr. Cathryn Yost Sr.', '', 'P', 'Islam', '2721 Anderson Ports\nPort Vedaview, HI 41360-7724', 'NULL', '2019-09-15 02:23:42', '2019-09-15 02:23:42'),
(874, 100, 'Larissa Feest', '', 'P', 'Budha', '6417 Thiel Club Suite 933\nMarcelletown, DC 68385', 'NULL', '2019-09-15 02:23:42', '2019-09-15 02:23:42'),
(875, 100, 'Jessika Heaney', '', 'L', 'Hindu', '950 Lynn Fort Apt. 120\nEast Kaitlinstad, NC 90644', 'NULL', '2019-09-15 02:23:42', '2019-09-15 02:23:42'),
(876, 100, 'Miss Ettie Greenfelder Jr.', '', 'L', 'Kristen', '24948 Osvaldo Meadows\nEast Bennytown, RI 65804', 'NULL', '2019-09-15 02:23:42', '2019-09-15 02:23:42'),
(877, 100, 'Berenice Dickens', '', 'P', 'Kristen', '6844 Hoppe Key\nEast Paxton, SC 08009', 'NULL', '2019-09-15 02:23:43', '2019-09-15 02:23:43'),
(878, 100, 'Prof. Jerome Dickens DVM', '', 'P', 'Budha', '5523 Jerome Alley\nWest Verla, MO 36744-5273', 'NULL', '2019-09-15 02:23:43', '2019-09-15 02:23:43'),
(879, 100, 'Cary Daniel', '', 'P', 'Islam', '46006 Sporer Road Apt. 092\nSawaynchester, WA 57091-0954', 'NULL', '2019-09-15 02:23:43', '2019-09-15 02:23:43'),
(880, 100, 'Ellie Ward', '', 'P', 'Katolik', '792 Noble Roads Suite 714\nLake Ryann, MI 57930', 'NULL', '2019-09-15 02:23:43', '2019-09-15 02:23:43'),
(881, 100, 'Furman Hagenes', '', 'P', 'Islam', '66298 Casimer Center\nPort Bernicetown, ND 80396-9319', 'NULL', '2019-09-15 02:23:43', '2019-09-15 02:23:43'),
(882, 100, 'Dr. Porter Tremblay', '', 'L', 'Katolik', '4880 Wilderman Parkways Suite 960\nMarleyview, WY 55125-1011', 'NULL', '2019-09-15 02:23:43', '2019-09-15 02:23:43'),
(883, 100, 'Delia Denesik', '', 'P', 'Islam', '4045 Pauline Glen Suite 255\nNorth Lorna, MI 03650', 'NULL', '2019-09-15 02:23:43', '2019-09-15 02:23:43'),
(884, 100, 'Ellsworth Bins', '', 'L', 'Hindu', '746 Alena Courts Apt. 177\nMarciafurt, AR 34849-2319', 'NULL', '2019-09-15 02:23:43', '2019-09-15 02:23:43'),
(885, 100, 'Donato VonRueden', '', 'L', 'Hindu', '461 White Expressway\nDooleyland, FL 77650-3587', 'NULL', '2019-09-15 02:23:43', '2019-09-15 02:23:43'),
(886, 100, 'Anjali Fisher DDS', '', 'P', 'Hindu', '5863 Wisozk Trace Apt. 800\nSouth Hollybury, OR 65973-7185', 'NULL', '2019-09-15 02:23:43', '2019-09-15 02:23:43'),
(887, 100, 'Benjamin Friesen', '', 'P', 'Hindu', '104 Hagenes Camp Apt. 748\nMillsview, OK 77094', 'NULL', '2019-09-15 02:23:43', '2019-09-15 02:23:43'),
(888, 100, 'Mrs. Patsy Lindgren V', '', 'L', 'Hindu', '364 Crooks Court Suite 972\nEmieburgh, VA 07971-0829', 'NULL', '2019-09-15 02:23:43', '2019-09-15 02:23:43'),
(889, 100, 'Johathan Heathcote', '', 'P', 'Budha', '4499 Rodriguez Canyon\nNorth Melyssa, NE 54034-4607', 'NULL', '2019-09-15 02:23:43', '2019-09-15 02:23:43'),
(890, 100, 'Macy Windler', '', 'L', 'Kristen', '11802 Franecki Plaza Apt. 102\nNew Kelsietown, KY 21994', 'NULL', '2019-09-15 02:23:43', '2019-09-15 02:23:43'),
(891, 100, 'Missouri Schneider', '', 'P', 'Budha', '166 Howard Mountains Suite 322\nBrantville, KS 06042', 'NULL', '2019-09-15 02:23:43', '2019-09-15 02:23:43'),
(892, 100, 'Dr. Dora Connelly', '', 'P', 'Kristen', '4367 Deckow Wells Suite 718\nPort Elena, WV 45211-4921', 'NULL', '2019-09-15 02:23:43', '2019-09-15 02:23:43'),
(893, 100, 'Malika Greenfelder DDS', '', 'P', 'Islam', '175 Reilly Court Suite 151\nEast Vesta, OK 24507', 'NULL', '2019-09-15 02:23:43', '2019-09-15 02:23:43'),
(894, 100, 'Elmo Wisoky', '', 'L', 'Katolik', '80626 Christiansen Mission Apt. 300\nPort Sheldonburgh, SD 75285-1492', 'NULL', '2019-09-15 02:23:43', '2019-09-15 02:23:43'),
(895, 100, 'Dr. Elwyn Huel IV', '', 'P', 'Katolik', '1469 Fatima Junctions Apt. 088\nNew Alfredoton, UT 90863-5494', 'NULL', '2019-09-15 02:23:43', '2019-09-15 02:23:43'),
(896, 100, 'Ms. Nina Shanahan IV', '', 'P', 'Hindu', '74070 Cierra Streets Apt. 696\nSouth Hillary, MN 79215-4019', 'NULL', '2019-09-15 02:23:43', '2019-09-15 02:23:43'),
(897, 100, 'Karlee Thompson', '', 'P', 'Katolik', '204 Golda Islands\nNorth Gunnar, CT 35360', 'NULL', '2019-09-15 02:23:43', '2019-09-15 02:23:43'),
(898, 100, 'Gwen Schimmel', '', 'L', 'Kristen', '3872 Berniece Fords Suite 992\nJordonbury, AL 69797-1116', 'NULL', '2019-09-15 02:23:43', '2019-09-15 02:23:43'),
(899, 100, 'Mr. Brooks Hand', '', 'L', 'Kristen', '3032 Weber Track Apt. 493\nMichaelafort, OH 93222-7894', 'NULL', '2019-09-15 02:23:44', '2019-09-15 02:23:44'),
(900, 100, 'Mr. Geoffrey Braun', '', 'P', 'Katolik', '402 Lehner Square Apt. 229\nDominiquemouth, HI 69951-0397', 'NULL', '2019-09-15 02:23:44', '2019-09-15 02:23:44'),
(901, 100, 'Sherwood Luettgen', '', 'L', 'Katolik', '696 Roob Station\nNorth Turnerview, DE 58888-7957', 'NULL', '2019-09-15 02:23:44', '2019-09-15 02:23:44'),
(902, 100, 'Ms. Kelsie Marquardt', '', 'L', 'Hindu', '7996 Stokes Rapid\nJaylanborough, AK 69201-3174', 'NULL', '2019-09-15 02:23:44', '2019-09-15 02:23:44'),
(903, 100, 'Mr. Shayne Ward PhD', '', 'P', 'Kristen', '57118 Harber Estates Suite 162\nLeilachester, SD 30272', 'NULL', '2019-09-15 02:23:44', '2019-09-15 02:23:44'),
(904, 100, 'Prof. Floyd Yundt', '', 'P', 'Katolik', '1386 Geovanny Street Apt. 731\nNorth Rainaland, TX 66847', 'NULL', '2019-09-15 02:23:44', '2019-09-15 02:23:44'),
(905, 100, 'Mr. Wilfred Wilderman', '', 'P', 'Katolik', '325 Joesph Road\nMallorychester, VT 02695-2554', 'NULL', '2019-09-15 02:23:44', '2019-09-15 02:23:44'),
(906, 100, 'Dr. Trever Funk', '', 'L', 'Islam', '995 Skye Ville Suite 912\nEast Gerald, GA 56755-0911', 'NULL', '2019-09-15 02:23:44', '2019-09-15 02:23:44'),
(907, 100, 'Yasmin Vandervort', '', 'L', 'Budha', '6749 Konopelski Court Suite 014\nClemmieville, OH 00997-9996', 'NULL', '2019-09-15 02:23:44', '2019-09-15 02:23:44'),
(908, 100, 'Ms. Camylle Metz PhD', '', 'P', 'Islam', '402 Jaunita Lights\nSouth Jayde, NE 22358', 'NULL', '2019-09-15 02:23:44', '2019-09-15 02:23:44'),
(909, 100, 'Celestino Kerluke', '', 'L', 'Budha', '17769 Hickle Valleys Suite 592\nNorth Orionville, WA 61418', 'NULL', '2019-09-15 02:23:44', '2019-09-15 02:23:44'),
(910, 100, 'Prof. Leilani Konopelski I', '', 'L', 'Hindu', '83324 Paris Common Apt. 256\nCadestad, OR 67142-4145', 'NULL', '2019-09-15 02:23:44', '2019-09-15 02:23:44'),
(911, 100, 'Greyson Abernathy', '', 'P', 'Kristen', '4794 Orn Flat\nReingerport, MT 31266-6441', 'NULL', '2019-09-15 02:23:44', '2019-09-15 02:23:44'),
(912, 100, 'Nicole Smitham', '', 'L', 'Katolik', '40352 Bailey Squares Suite 476\nCaitlynmouth, AZ 01716', 'NULL', '2019-09-15 02:23:44', '2019-09-15 02:23:44'),
(913, 100, 'Prof. Waylon Botsford', '', 'P', 'Budha', '2108 Feeney Bypass\nNorth Sally, AL 34529', 'NULL', '2019-09-15 02:23:44', '2019-09-15 02:23:44'),
(914, 100, 'Ms. Yvette Schuppe DVM', '', 'P', 'Kristen', '839 Schaefer Run\nBrandohaven, NM 88543-9302', 'NULL', '2019-09-15 02:23:44', '2019-09-15 02:23:44'),
(915, 100, 'Sebastian Robel', '', 'P', 'Kristen', '279 Wehner Parks\nLibbyport, MD 25091-0637', 'NULL', '2019-09-15 02:23:44', '2019-09-15 02:23:44'),
(916, 100, 'Geovanni Hagenes', '', 'L', 'Islam', '1686 Kaycee Ferry Apt. 319\nSouth Tommieburgh, FL 50326', 'NULL', '2019-09-15 02:23:44', '2019-09-15 02:23:44'),
(917, 100, 'Tod Turner', '', 'P', 'Islam', '64770 Estelle Glens Apt. 538\nNew Alessia, WA 12131', 'NULL', '2019-09-15 02:23:44', '2019-09-15 02:23:44'),
(918, 100, 'Corine Johnston II', '', 'P', 'Hindu', '7104 Jacobs Burgs\nEdenberg, MD 96532-0972', 'NULL', '2019-09-15 02:23:44', '2019-09-15 02:23:44'),
(919, 100, 'Bernard Terry', '', 'L', 'Kristen', '9494 Tiara Lake Apt. 366\nNew Alicia, FL 16990', 'NULL', '2019-09-15 02:23:45', '2019-09-15 02:23:45'),
(920, 100, 'Edna Wiegand', '', 'P', 'Kristen', '5102 Jerry Divide\nSauermouth, DE 49069-3041', 'NULL', '2019-09-15 02:23:45', '2019-09-15 02:23:45'),
(921, 100, 'Stephan Gaylord', '', 'L', 'Kristen', '15022 Wunsch Roads Suite 386\nBernhardton, OK 64322-5079', 'NULL', '2019-09-15 02:23:45', '2019-09-15 02:23:45'),
(922, 100, 'Verona Nolan II', '', 'P', 'Islam', '24535 Verdie Fields Apt. 673\nMarvinstad, MT 64278-0205', 'NULL', '2019-09-15 02:23:45', '2019-09-15 02:23:45'),
(923, 100, 'Gus Kunde', '', 'L', 'Katolik', '318 Leannon Street\nNew Henrychester, AR 64860-5111', 'NULL', '2019-09-15 02:23:45', '2019-09-15 02:23:45'),
(924, 100, 'D\'angelo Mohr', '', 'L', 'Budha', '3893 Zoey Stravenue Apt. 286\nMinnieburgh, MS 58960-1337', 'NULL', '2019-09-15 02:23:45', '2019-09-15 02:23:45'),
(925, 100, 'Ezequiel Bergstrom', '', 'P', 'Kristen', '737 Gottlieb Stream Suite 708\nGulgowskiview, AK 91914-4842', 'NULL', '2019-09-15 02:23:45', '2019-09-15 02:23:45'),
(926, 100, 'Aglae Watsica', '', 'P', 'Katolik', '6129 Pollich Square\nSouth Stevemouth, MN 37968', 'NULL', '2019-09-15 02:23:45', '2019-09-15 02:23:45'),
(927, 100, 'Krystel Conn', '', 'P', 'Hindu', '9107 Bailey Key Suite 341\nNorth Naomi, SD 55119', 'NULL', '2019-09-15 02:23:45', '2019-09-15 02:23:45'),
(928, 100, 'Mitchell Trantow', '', 'L', 'Islam', '5014 Carli Fields\nKoelpinfurt, WA 42953-0018', 'NULL', '2019-09-15 02:23:45', '2019-09-15 02:23:45'),
(929, 100, 'Josh Cormier III', '', 'L', 'Katolik', '587 Berniece Road\nEast Fredy, SC 61283-8287', 'NULL', '2019-09-15 02:23:45', '2019-09-15 02:23:45'),
(930, 100, 'Hunter Hill', '', 'L', 'Hindu', '732 Miller Squares\nLake Jaylin, OH 96953-4987', 'NULL', '2019-09-15 02:23:45', '2019-09-15 02:23:45'),
(931, 100, 'Miles Grady DDS', '', 'P', 'Islam', '67036 Hayes Drive Apt. 145\nBergstrommouth, NC 15437-3492', 'NULL', '2019-09-15 02:23:45', '2019-09-15 02:23:45'),
(932, 100, 'Addison Stiedemann', '', 'L', 'Hindu', '8242 Clement Vista Suite 413\nWest Samanta, MI 35204', 'NULL', '2019-09-15 02:23:45', '2019-09-15 02:23:45'),
(933, 100, 'Kaley Okuneva', '', 'L', 'Kristen', '15658 Murray Isle Apt. 684\nLake Jammieburgh, WI 03134-4235', 'NULL', '2019-09-15 02:23:45', '2019-09-15 02:23:45'),
(934, 100, 'Aiden Kovacek IV', '', 'P', 'Hindu', '69714 Fadel Hill Suite 447\nEast Lemuel, CT 17841-1994', 'NULL', '2019-09-15 02:23:45', '2019-09-15 02:23:45'),
(935, 100, 'Ryann Considine', '', 'P', 'Katolik', '51718 Tyra Manors\nNew Madisonchester, HI 72338', 'NULL', '2019-09-15 02:23:45', '2019-09-15 02:23:45'),
(936, 100, 'Jasper Lemke', '', 'P', 'Kristen', '518 Huel Canyon\nNorth Payton, VA 47568', 'NULL', '2019-09-15 02:23:45', '2019-09-15 02:23:45'),
(937, 100, 'Noemi Bergnaum', '', 'L', 'Islam', '4907 Suzanne Island Suite 178\nPort Ewald, MN 57792', 'NULL', '2019-09-15 02:23:45', '2019-09-15 02:23:45'),
(938, 100, 'Dr. Meghan Weissnat', '', 'L', 'Kristen', '36832 Bryce Unions Suite 821\nMatildeberg, NV 35682-8296', 'NULL', '2019-09-15 02:23:45', '2019-09-15 02:23:45'),
(939, 100, 'Ryleigh Kunze II', '', 'P', 'Islam', '3409 Wilderman Lights\nPort Adelia, ID 92414', 'NULL', '2019-09-15 02:23:45', '2019-09-15 02:23:45'),
(940, 100, 'Madelynn Crist Jr.', '', 'P', 'Katolik', '2021 Abdullah Plaza\nLake Nathanael, TX 62164-7311', 'NULL', '2019-09-15 02:23:45', '2019-09-15 02:23:45'),
(941, 100, 'Dr. Megane Huels DVM', '', 'P', 'Hindu', '85591 Davis Glens Suite 110\nGregoriaburgh, FL 91895', 'NULL', '2019-09-15 02:23:45', '2019-09-15 02:23:45'),
(942, 100, 'Delphine O\'Connell', '', 'P', 'Kristen', '74506 Zakary Station Apt. 035\nDarrickfurt, TX 16674-5228', 'NULL', '2019-09-15 02:23:46', '2019-09-15 02:23:46'),
(943, 100, 'Ms. Nellie Gibson', '', 'P', 'Hindu', '918 Ward Highway\nDeckowland, OH 80161-1309', 'NULL', '2019-09-15 02:23:46', '2019-09-15 02:23:46'),
(944, 100, 'Michelle Steuber', '', 'L', 'Budha', '880 Wolff Lock Apt. 818\nLemuelton, NC 62798', 'NULL', '2019-09-15 02:23:46', '2019-09-15 02:23:46'),
(945, 100, 'Miss Loma Cruickshank', '', 'P', 'Islam', '5132 Enid Rapids\nSchadenberg, ME 74514-9557', 'NULL', '2019-09-15 02:23:46', '2019-09-15 02:23:46'),
(946, 100, 'Anderson Beer', '', 'L', 'Islam', '6722 Sigrid Row\nLake Augusttown, MN 46692-1495', 'NULL', '2019-09-15 02:23:46', '2019-09-15 02:23:46'),
(947, 100, 'Ms. Lottie Schimmel I', '', 'P', 'Katolik', '2186 Thompson Divide Apt. 057\nBednarburgh, VT 86252', 'NULL', '2019-09-15 02:23:46', '2019-09-15 02:23:46'),
(948, 100, 'Nadia Raynor', '', 'L', 'Hindu', '9052 Jakubowski Ranch Suite 632\nNew Sarah, SC 19704-5530', 'NULL', '2019-09-15 02:23:46', '2019-09-15 02:23:46'),
(949, 100, 'Mrs. Shayna Schowalter Jr.', '', 'P', 'Hindu', '6171 Dewayne Burg\nWest Justynmouth, KS 41688-7339', 'NULL', '2019-09-15 02:23:46', '2019-09-15 02:23:46'),
(950, 100, 'Miss Birdie Casper DVM', '', 'L', 'Islam', '8304 Vidal Drives Apt. 299\nWalkerbury, GA 32204-7963', 'NULL', '2019-09-15 02:23:46', '2019-09-15 02:23:46'),
(951, 100, 'Sterling Feeney', '', 'P', 'Katolik', '9678 Collier Path Apt. 461\nSanfordfurt, FL 28740-5068', 'NULL', '2019-09-15 02:23:46', '2019-09-15 02:23:46'),
(952, 100, 'Guillermo Hermiston II', '', 'L', 'Islam', '627 Boyer Pike Apt. 091\nLabadieville, DC 21406-3627', 'NULL', '2019-09-15 02:23:46', '2019-09-15 02:23:46'),
(953, 100, 'Darren Wolf', '', 'L', 'Katolik', '630 Tiara Turnpike\nBrennanbury, KS 69812-7910', 'NULL', '2019-09-15 02:23:46', '2019-09-15 02:23:46'),
(954, 100, 'Hayley Wiza', '', 'P', 'Katolik', '71190 Yessenia Gardens Apt. 468\nEast Sheilaburgh, IL 15874', 'NULL', '2019-09-15 02:23:46', '2019-09-15 02:23:46'),
(955, 100, 'Luz Carroll', '', 'L', 'Islam', '57325 Rose Island\nMaudieberg, IA 48800-1533', 'NULL', '2019-09-15 02:23:46', '2019-09-15 02:23:46'),
(956, 100, 'Ronny Bradtke', '', 'P', 'Hindu', '31995 Lauren Fields\nDenesikburgh, HI 59758', 'NULL', '2019-09-15 02:23:46', '2019-09-15 02:23:46'),
(957, 100, 'Aric Ledner', '', 'L', 'Hindu', '445 Unique Pike\nDeefort, WY 61044', 'NULL', '2019-09-15 02:23:46', '2019-09-15 02:23:46'),
(958, 100, 'Miller Rodriguez', '', 'P', 'Budha', '997 Nikolaus Cliff Apt. 446\nSouth Deonte, WY 66304-7296', 'NULL', '2019-09-15 02:23:46', '2019-09-15 02:23:46'),
(959, 100, 'Gordon Goodwin DDS', '', 'L', 'Katolik', '13228 Dedric Hollow\nSouth Raquel, NC 50184-9623', 'NULL', '2019-09-15 02:23:46', '2019-09-15 02:23:46'),
(960, 100, 'Diamond Cartwright', '', 'P', 'Katolik', '81535 Raynor Trafficway\nAdelineborough, OK 88358-2481', 'NULL', '2019-09-15 02:23:46', '2019-09-15 02:23:46'),
(961, 100, 'Jarvis Tremblay', '', 'L', 'Katolik', '1911 Luna Extension Apt. 649\nPort Alexieview, TN 52988', 'NULL', '2019-09-15 02:23:46', '2019-09-15 02:23:46'),
(962, 100, 'Corrine Conn', '', 'L', 'Katolik', '53069 Cristopher Forge Apt. 329\nEast Wilhelminechester, WV 06142-3453', 'NULL', '2019-09-15 02:23:46', '2019-09-15 02:23:46'),
(963, 100, 'Nikko Cummerata DDS', '', 'L', 'Islam', '39152 Grant Fort\nAuerborough, NJ 28035', 'NULL', '2019-09-15 02:23:47', '2019-09-15 02:23:47'),
(964, 100, 'Katlynn Koepp', '', 'L', 'Hindu', '64137 Declan Lock Suite 903\nParkerton, MI 09462', 'NULL', '2019-09-15 02:23:47', '2019-09-15 02:23:47'),
(965, 100, 'Jarrod Volkman', '', 'P', 'Islam', '79491 Annabell Walks\nEast Demarco, VT 57062-3858', 'NULL', '2019-09-15 02:23:47', '2019-09-15 02:23:47'),
(966, 100, 'Miss Jannie Bahringer DDS', '', 'P', 'Islam', '8777 Lowe Court\nToneyfurt, SD 64549-8511', 'NULL', '2019-09-15 02:23:47', '2019-09-15 02:23:47'),
(967, 100, 'Prof. Kallie Mann', '', 'P', 'Katolik', '37442 O\'Kon Club Apt. 795\nBernhardfurt, MI 39180', 'NULL', '2019-09-15 02:23:47', '2019-09-15 02:23:47'),
(968, 100, 'Camden Ritchie', '', 'L', 'Katolik', '35846 Zackery Camp Suite 750\nDevontown, WI 07657-5159', 'NULL', '2019-09-15 02:23:47', '2019-09-15 02:23:47'),
(969, 100, 'Adah Kuhic', '', 'L', 'Kristen', '262 Jo Burgs\nNew Jennyferbury, WV 59098', 'NULL', '2019-09-15 02:23:47', '2019-09-15 02:23:47'),
(970, 100, 'Jeanie Boyer', '', 'P', 'Islam', '767 Herminia Islands Suite 667\nRichardfurt, SD 41071-0896', 'NULL', '2019-09-15 02:23:47', '2019-09-15 02:23:47'),
(971, 100, 'Grayce Lubowitz V', '', 'P', 'Hindu', '6771 Jadon Squares\nLake Lavonne, PA 52969', 'NULL', '2019-09-15 02:23:47', '2019-09-15 02:23:47'),
(972, 100, 'Cassandre Bahringer', '', 'L', 'Budha', '405 Richie Ways\nPaulland, NH 83200', 'NULL', '2019-09-15 02:23:47', '2019-09-15 02:23:47'),
(973, 100, 'Uriah Pollich I', '', 'P', 'Islam', '605 Matilda Port\nWest Jadenland, NY 39464', 'NULL', '2019-09-15 02:23:47', '2019-09-15 02:23:47'),
(974, 100, 'Virginie Abernathy', '', 'L', 'Islam', '94989 Fabian Pines\nHyattfort, TN 18389', 'NULL', '2019-09-15 02:23:47', '2019-09-15 02:23:47');
INSERT INTO `siswa` (`id`, `user_id`, `nama_depan`, `nama_belakang`, `jenis_kelamin`, `agama`, `alamat`, `avatar`, `created_at`, `updated_at`) VALUES
(975, 100, 'Henderson King II', '', 'L', 'Islam', '63006 Morar Lakes\nPort Helena, KY 72334-4749', 'NULL', '2019-09-15 02:23:47', '2019-09-15 02:23:47'),
(976, 100, 'Norma Sipes', '', 'L', 'Islam', '223 Bogan Manors\nWest Jacklynstad, ID 21045-6271', 'NULL', '2019-09-15 02:23:47', '2019-09-15 02:23:47'),
(977, 100, 'Dr. Jeramie Robel', '', 'P', 'Islam', '4306 Judd Rapids\nWest Kobyside, OH 63801', 'NULL', '2019-09-15 02:23:47', '2019-09-15 02:23:47'),
(978, 100, 'Gennaro Lehner I', '', 'P', 'Budha', '997 Orn Passage\nWeimannchester, AZ 42918', 'NULL', '2019-09-15 02:23:47', '2019-09-15 02:23:47'),
(979, 100, 'Chandler Schmidt', '', 'P', 'Katolik', '5943 Terrence Plains\nHuelstown, AL 25380-5818', 'NULL', '2019-09-15 02:23:47', '2019-09-15 02:23:47'),
(980, 100, 'Enola Sauer DDS', '', 'P', 'Budha', '75321 Magali Cove\nEast Kendra, OK 85641', 'NULL', '2019-09-15 02:23:47', '2019-09-15 02:23:47'),
(981, 100, 'Imani Sawayn', '', 'L', 'Kristen', '170 Stamm Radial Apt. 698\nLauriefurt, UT 30718-8005', 'NULL', '2019-09-15 02:23:47', '2019-09-15 02:23:47'),
(982, 100, 'Aracely Eichmann', '', 'L', 'Katolik', '132 Schmidt Cape Suite 325\nSouth Edwinshire, SD 49939', 'NULL', '2019-09-15 02:23:48', '2019-09-15 02:23:48'),
(983, 100, 'Dr. Guido Mueller', '', 'P', 'Islam', '203 Kilback Cliff\nEast Marcellamouth, WA 33169-4725', 'NULL', '2019-09-15 02:23:48', '2019-09-15 02:23:48'),
(984, 100, 'Mafalda Ebert', '', 'P', 'Budha', '81908 Hodkiewicz Cliff Apt. 235\nEast Bertfort, WI 86338', 'NULL', '2019-09-15 02:23:48', '2019-09-15 02:23:48'),
(985, 100, 'Hector Fay', '', 'L', 'Katolik', '76515 Sam Heights\nSouth Enochborough, NH 25855-3941', 'NULL', '2019-09-15 02:23:48', '2019-09-15 02:23:48'),
(986, 100, 'Prof. Brando Walker I', '', 'P', 'Budha', '50198 Roy Greens\nNew Zenaton, OH 21325', 'NULL', '2019-09-15 02:23:48', '2019-09-15 02:23:48'),
(987, 100, 'Dr. Torrance Yost', '', 'P', 'Kristen', '41428 Ephraim Ports Apt. 086\nWest Jensen, SC 12282', 'NULL', '2019-09-15 02:23:48', '2019-09-15 02:23:48'),
(988, 100, 'Eldred Bogisich', '', 'L', 'Hindu', '78884 Filomena Crossroad\nOlenside, SD 01792', 'NULL', '2019-09-15 02:23:48', '2019-09-15 02:23:48'),
(989, 100, 'Ara Krajcik', '', 'P', 'Katolik', '613 Hodkiewicz Trail Apt. 073\nEast Kira, CT 13320-6536', 'NULL', '2019-09-15 02:23:48', '2019-09-15 02:23:48'),
(990, 100, 'Abigale Jast', '', 'P', 'Katolik', '130 Parker Drives Suite 702\nNorth Glenda, KY 76713-4008', 'NULL', '2019-09-15 02:23:48', '2019-09-15 02:23:48'),
(991, 100, 'Dr. Sister Rowe Jr.', '', 'L', 'Budha', '4690 Kirsten Vista Apt. 096\nThompsonshire, SC 53991-9130', 'NULL', '2019-09-15 02:23:48', '2019-09-15 02:23:48'),
(992, 100, 'Miss Treva Dach DVM', '', 'L', 'Katolik', '4385 Jakubowski Common Apt. 523\nMitchellhaven, HI 36138', 'NULL', '2019-09-15 02:23:48', '2019-09-15 02:23:48'),
(993, 100, 'Fanny Ratke', '', 'L', 'Hindu', '297 Bertha Ways\nEusebioton, NV 04246-4732', 'NULL', '2019-09-15 02:23:48', '2019-09-15 02:23:48'),
(994, 100, 'Arthur Balistreri', '', 'P', 'Hindu', '3969 Jenkins Prairie Apt. 546\nNorth Carmela, LA 81921-6750', 'NULL', '2019-09-15 02:23:48', '2019-09-15 02:23:48'),
(995, 100, 'Odie Jakubowski', '', 'L', 'Hindu', '5248 Doug Forest Suite 938\nLake Hobart, NY 75992', 'NULL', '2019-09-15 02:23:48', '2019-09-15 02:23:48'),
(996, 100, 'Asha Weimann III', '', 'L', 'Budha', '3012 Aidan Key\nDenesikfort, HI 88695', 'NULL', '2019-09-15 02:23:48', '2019-09-15 02:23:48'),
(997, 100, 'Dee Wyman', '', 'L', 'Hindu', '673 Ward Prairie Apt. 413\nOtiliafurt, IN 49012-3452', 'NULL', '2019-09-15 02:23:48', '2019-09-15 02:23:48'),
(998, 100, 'Freida Batz II', '', 'L', 'Hindu', '931 Trantow Mill Suite 806\nEast Brian, FL 65126', 'NULL', '2019-09-15 02:23:48', '2019-09-15 02:23:48'),
(999, 100, 'Frankie Quitzon I', '', 'P', 'Budha', '7489 Rocio Cliff Suite 683\nHailieburgh, MO 69611', 'NULL', '2019-09-15 02:23:48', '2019-09-15 02:23:48'),
(1000, 100, 'Margret Bogan', '', 'L', 'Katolik', '366 Schuppe Island Suite 227\nLake Suzanne, ME 86174', 'NULL', '2019-09-15 02:23:48', '2019-09-15 02:23:48'),
(1001, 100, 'Ebba Wilderman', '', 'L', 'Budha', '714 Erdman Shoal Suite 874\nJennifertown, ND 11817-0225', 'NULL', '2019-09-15 02:23:48', '2019-09-15 02:23:48'),
(1002, 100, 'Nya Dach', '', 'L', 'Budha', '10024 Stracke Park\nTremaynefort, MD 59418', 'NULL', '2019-09-15 02:23:49', '2019-09-15 02:23:49'),
(1003, 100, 'Clemens Collins', '', 'L', 'Budha', '521 Bailey Parkways Apt. 453\nNew Katherynville, ND 20506-8677', 'NULL', '2019-09-15 02:23:49', '2019-09-15 02:23:49'),
(1004, 100, 'Macy Zieme', '', 'P', 'Islam', '767 Astrid Stream Suite 417\nWest Evietown, NE 71283-9759', 'NULL', '2019-09-15 02:23:49', '2019-09-15 02:23:49'),
(1005, 100, 'Aurelia Hamill MD', '', 'P', 'Budha', '193 Camila Bridge\nNew Paulview, ID 00537-7275', 'NULL', '2019-09-15 02:23:49', '2019-09-15 02:23:49'),
(1006, 100, 'Loyal Brekke', '', 'L', 'Katolik', '78851 Emerson Burg Suite 412\nConnview, NJ 00293-6007', 'NULL', '2019-09-15 02:23:49', '2019-09-15 02:23:49'),
(1007, 100, 'Rahul Koss', '', 'P', 'Kristen', '5723 Langosh Bridge\nBrennanshire, ME 76603', 'NULL', '2019-09-15 02:23:49', '2019-09-15 02:23:49'),
(1008, 100, 'Christy Swaniawski', '', 'L', 'Hindu', '5449 Esperanza Ways\nKellyside, ME 73469', 'NULL', '2019-09-15 02:23:49', '2019-09-15 02:23:49'),
(1009, 100, 'Ms. Bernita Bashirian', '', 'P', 'Hindu', '7814 Rodriguez Ridge Apt. 210\nBuckridgetown, FL 59115-9834', 'NULL', '2019-09-15 02:23:49', '2019-09-15 02:23:49'),
(1010, 100, 'Kathlyn Walsh', '', 'L', 'Budha', '41494 Hansen Course\nLake Almouth, AK 26549', 'NULL', '2019-09-15 02:23:49', '2019-09-15 02:23:49'),
(1011, 100, 'Amely Swift', '', 'P', 'Budha', '7301 Prosacco Lock Suite 101\nPort Fredport, MT 92402', 'NULL', '2019-09-15 02:23:49', '2019-09-15 02:23:49'),
(1012, 100, 'Kailyn Schaden', '', 'L', 'Katolik', '200 Herman Port Suite 372\nBodeville, GA 74305-4351', 'NULL', '2019-09-15 02:23:49', '2019-09-15 02:23:49'),
(1013, 100, 'Donavon Cartwright', '', 'L', 'Kristen', '307 Manuel Squares Apt. 414\nWest Jamil, DC 18837-5017', 'NULL', '2019-09-15 02:23:49', '2019-09-15 02:23:49'),
(1014, 100, 'Reymundo Bechtelar', '', 'P', 'Kristen', '5091 Harvey Cliff\nDoyleside, ND 67947-1009', 'NULL', '2019-09-15 02:23:49', '2019-09-15 02:23:49'),
(1015, 100, 'Enos Oberbrunner', '', 'P', 'Katolik', '23341 Watsica Rest Suite 905\nReingerton, MI 89326-2697', 'NULL', '2019-09-15 02:23:49', '2019-09-15 02:23:49'),
(1016, 100, 'Fannie Bernhard', '', 'L', 'Hindu', '75475 Marques Radial Apt. 738\nPort Luna, TX 98964', 'NULL', '2019-09-15 02:23:49', '2019-09-15 02:23:49'),
(1017, 100, 'Maureen Pouros MD', '', 'L', 'Islam', '65384 Boyle Freeway Suite 746\nLake Bretville, NV 24993-7300', 'NULL', '2019-09-15 02:23:49', '2019-09-15 02:23:49'),
(1018, 100, 'Prof. Alycia Schinner Jr.', '', 'L', 'Hindu', '2723 Skiles Coves Suite 615\nLake Janetburgh, NJ 27750-0612', 'NULL', '2019-09-15 02:23:49', '2019-09-15 02:23:49'),
(1019, 100, 'Pete Hudson', '', 'P', 'Budha', '58044 Greenfelder Points\nWehnerview, CT 54848-6861', 'NULL', '2019-09-15 02:23:50', '2019-09-15 02:23:50'),
(1020, 100, 'Prof. Hershel Balistreri MD', '', 'L', 'Kristen', '768 Bessie Junctions Suite 005\nWest Willamouth, ND 75454-1102', 'NULL', '2019-09-15 02:23:50', '2019-09-15 02:23:50'),
(1021, 100, 'Sydney Cole', '', 'P', 'Budha', '5121 Fay Square Apt. 980\nWest Alva, LA 85071', 'NULL', '2019-09-15 02:23:50', '2019-09-15 02:23:50'),
(1022, 100, 'Lily Roob PhD', '', 'P', 'Budha', '171 Brigitte Hollow\nEast Warrenfort, KS 15333', 'NULL', '2019-09-15 02:23:50', '2019-09-15 02:23:50'),
(1023, 100, 'Prof. Norbert Jakubowski II', '', 'L', 'Islam', '4305 Jacobs Corner Apt. 761\nLake Shaun, NJ 70500-3731', 'NULL', '2019-09-15 02:23:50', '2019-09-15 02:23:50'),
(1024, 100, 'Rhianna Pfeffer', '', 'P', 'Budha', '24265 Kyla Causeway\nWest Wallace, KS 45677-9751', 'NULL', '2019-09-15 02:23:50', '2019-09-15 02:23:50'),
(1025, 100, 'Neoma Swaniawski', '', 'P', 'Budha', '30162 Cormier Course Suite 805\nConnfurt, NV 39733-7245', 'NULL', '2019-09-15 02:23:50', '2019-09-15 02:23:50'),
(1026, 100, 'Gonzalo Veum', '', 'P', 'Kristen', '4021 Emmett Passage\nJaidafurt, VT 47681-4874', 'NULL', '2019-09-15 02:23:50', '2019-09-15 02:23:50'),
(1027, 100, 'Jose Douglas', '', 'P', 'Kristen', '6171 Kameron Gateway Apt. 620\nLake Bernardshire, TX 30981', 'NULL', '2019-09-15 02:23:50', '2019-09-15 02:23:50'),
(1028, 100, 'Sandra Kshlerin', '', 'P', 'Budha', '44478 Lurline Lock Apt. 592\nPort Tod, RI 33851-9309', 'NULL', '2019-09-15 02:23:50', '2019-09-15 02:23:50'),
(1029, 100, 'Nelson Kub', '', 'L', 'Hindu', '98659 Morissette Green\nPort Monserrate, MN 21989', 'NULL', '2019-09-15 02:23:50', '2019-09-15 02:23:50'),
(1030, 100, 'Bailee Stehr PhD', '', 'P', 'Hindu', '15128 Yundt Heights\nNorth Annettafort, DE 42984-9351', 'NULL', '2019-09-15 02:23:50', '2019-09-15 02:23:50'),
(1031, 100, 'Sam Koepp', '', 'L', 'Budha', '951 Medhurst Rest\nPort Mayeshire, MS 71728-1767', 'NULL', '2019-09-15 02:23:50', '2019-09-15 02:23:50'),
(1032, 100, 'Marilie Johnson III', '', 'P', 'Kristen', '5889 Naomi Gateway Suite 027\nKianport, ME 85732-2965', 'NULL', '2019-09-15 02:23:50', '2019-09-15 02:23:50'),
(1033, 100, 'Shannon Weimann', '', 'L', 'Kristen', '201 Vena Place\nKarianneborough, CT 72950-0161', 'NULL', '2019-09-15 02:23:50', '2019-09-15 02:23:50'),
(1034, 100, 'Jarvis Haag', '', 'L', 'Kristen', '2739 Lillian Neck Suite 165\nNew Rashawnville, AR 51133', 'NULL', '2019-09-15 02:23:50', '2019-09-15 02:23:50');

-- --------------------------------------------------------

--
-- Struktur dari tabel `users`
--

CREATE TABLE `users` (
  `id` bigint(20) UNSIGNED NOT NULL,
  `role` varchar(50) COLLATE utf8mb4_unicode_ci NOT NULL,
  `name` varchar(255) COLLATE utf8mb4_unicode_ci NOT NULL,
  `email` varchar(255) COLLATE utf8mb4_unicode_ci NOT NULL,
  `email_verified_at` timestamp NULL DEFAULT NULL,
  `password` varchar(255) COLLATE utf8mb4_unicode_ci NOT NULL,
  `remember_token` varchar(100) COLLATE utf8mb4_unicode_ci DEFAULT NULL,
  `created_at` timestamp NULL DEFAULT NULL,
  `updated_at` timestamp NULL DEFAULT NULL
) ENGINE=InnoDB DEFAULT CHARSET=utf8mb4 COLLATE=utf8mb4_unicode_ci;

--
-- Dumping data untuk tabel `users`
--

INSERT INTO `users` (`id`, `role`, `name`, `email`, `email_verified_at`, `password`, `remember_token`, `created_at`, `updated_at`) VALUES
(1, 'admin', 'HUSIN', 'husin@gmail.com', NULL, '$2y$10$IVRZMijf7wKBrx3mUN3Dz.bu61jMnMNC9rBg/SGaTKk60tqPBb5uC', 'RzWJhXWjTgqw1mGhkLtYZCuLWJRXRhEkkq4kSAxCJdVz7Jz1PF4myuIjSgkF', '2019-08-30 19:23:04', '2019-08-30 19:23:04'),
(2, 'admin', 'ADMIN', 'admin@gmail.com', NULL, '$2y$10$Fd14fmF9oazw89w0esyoFOEzUQe0WrqnENsuwXazm0tzp.r6kiCOO', '6iIUAhmRh6o3uzBjdmroFS1DSZOKBTEngfkqm44cDDR8es4DGVtq7GEyP4bu', '2019-08-30 19:24:24', '2019-08-30 19:24:24'),
(6, 'siswa', 'BAROK', 'barok@gmail', NULL, '$2y$10$a6updJnmJUnWRhBdDg2kP.INh.Jz.3uWgEqAF4OhFxs5gW/yy3Ldi', 'sfxLvnRFP8RgIZBXL3YpVRxo6GCW4wYLTDy0Skf33F4RVKdzmKd4FpPS8vC8', '2019-08-30 20:18:13', '2019-08-30 20:18:13'),
(8, 'siswa', 'MAHMUD', 'mahmud@gmail.com', NULL, '$2y$10$oGXQvcajKKxwunLZfRSM2eeQ7fkc2wWShQFh1BFCQwmOBwU2.I9dG', 'AQ4kgIIFIyA5TtiaVZDSVq1G3FGpd14D7wuATm9RWQhT4WyvRlKKOH5RGH10', '2019-09-01 19:34:40', '2019-09-01 19:34:40'),
(10, 'siswa', 'MULYETI', 'mulyeti@gmail.com', NULL, '$2y$10$gqsNUV7XdUcSqTq14Vie7ee6uOqmTLMgNRtSqfbeCi6hxHUU1Up2G', '0CurMeRycEz5SaxoAMY6SQfL3zubzE7cKmlGAKZBqlITgxBgbFhNnTbRwizm', '2019-09-01 23:17:04', '2019-09-01 23:17:04'),
(11, 'siswa', 'RISMAH', 'rismah@gmal.com', NULL, '$2y$10$xBX0yFOLCr3FxxODKS5LK.IPHjfETncjXHX1s.koqW.6Dh8Q4QhJy', 'yGiv3MTKhyD3KeJRYEMNsH1jLYfvDTIE5JV6pESXVFZZ3IHiRhUhX4WXRDVa', '2019-09-01 23:56:01', '2019-09-01 23:56:01'),
(12, 'siswa', 'ABIID', 'abbid@gmail.com', NULL, '$2y$10$ajLNrNppVsFRnnEcchohp.lzlcLmFWQotYz5u91bjAJay6uaD6ve2', 'vZgFXdNMZebexD1p8AhtO6i6rNgQt5HguzGkhgzITIoI1A6iFEy66B3pAS1L', '2019-09-02 00:22:53', '2019-09-02 00:22:53'),
(13, 'siswa', 'IPUL', 'ipul@gmail.com', NULL, '$2y$10$DwP0jFXl.m9AN7lHVTDnrOBLmVslP7Eb3vlY6gQwSjqrQ3ZHCKaSW', 'i1j9p640WWcZhGXtJKb1poGclpcwXtZemVmakjjVTPDeGFDbUkGJ2K7b1js2', '2019-09-02 00:27:06', '2019-09-02 00:27:06'),
(14, 'siswa', 'RATNA SARI', 'ratna@gmail.com', NULL, '$2y$10$QxS/3sptdJHk0KLE02v1/.qiLt7b9i8LuhAql1ZiwZDSeFbbL169m', 'm92ONHx8rjDRHCrxaEKskt0gDht8wmBNTn67a1SbzLjMwhRG7LSFDEIbzXTt', '2019-09-02 02:44:20', '2019-09-02 02:44:20'),
(15, 'siswa', 'RANI', 'rani@gmail.com', NULL, '$2y$10$MU5.GylKwlHLl74wzZZJ2uG4oVP2bjToMCmrNI92n/ASc6r9mpKqu', 'DAJAiYvcqKGcLGKkxTCq7zEU4bTey4qOnvfODkyJDiAN2DmFqiyaGM1oI1ib', '2019-09-02 02:46:54', '2019-09-02 02:46:54'),
(17, 'siswa', 'HERU', 'heru@gmail.com', NULL, '$2y$10$7orQb1NWM.MXd8a7rIRbZ.AYY6RejOGt0xl8wLQNC0srbhE9pHKLq', 'rpBlSp1rKjcwhwssVoFn7lSXrRVxTFVT6p5CJNfYt49pwzqWWczLpkAFkE1o', '2019-09-11 21:44:09', '2019-09-11 21:44:09'),
(18, 'siswa', 'MARWAH', 'marwah@gmail.com', NULL, '$2y$10$A1MXPnoYLxTD1mw7By0yqum56uM0lPb2sYgGREOuhpzVL5amLQ56a', 'n5tZ54N9gi4mJxMyu2L5nBg9fYwuEAq2fAMziVr7oWVNu4sqLptPKsqHU1R9', '2019-09-13 23:10:30', '2019-09-13 23:10:30');

--
-- Indexes for dumped tables
--

--
-- Indeks untuk tabel `guru`
--
ALTER TABLE `guru`
  ADD PRIMARY KEY (`id`);

--
-- Indeks untuk tabel `mapel`
--
ALTER TABLE `mapel`
  ADD PRIMARY KEY (`id`);

--
-- Indeks untuk tabel `mapel_siswa`
--
ALTER TABLE `mapel_siswa`
  ADD PRIMARY KEY (`id`);

--
-- Indeks untuk tabel `migrations`
--
ALTER TABLE `migrations`
  ADD PRIMARY KEY (`id`);

--
-- Indeks untuk tabel `password_resets`
--
ALTER TABLE `password_resets`
  ADD KEY `password_resets_email_index` (`email`);

--
-- Indeks untuk tabel `posts`
--
ALTER TABLE `posts`
  ADD PRIMARY KEY (`id`);

--
-- Indeks untuk tabel `siswa`
--
ALTER TABLE `siswa`
  ADD PRIMARY KEY (`id`);

--
-- Indeks untuk tabel `users`
--
ALTER TABLE `users`
  ADD PRIMARY KEY (`id`),
  ADD UNIQUE KEY `users_email_unique` (`email`);

--
-- AUTO_INCREMENT untuk tabel yang dibuang
--

--
-- AUTO_INCREMENT untuk tabel `guru`
--
ALTER TABLE `guru`
  MODIFY `id` int(11) NOT NULL AUTO_INCREMENT, AUTO_INCREMENT=3;

--
-- AUTO_INCREMENT untuk tabel `mapel`
--
ALTER TABLE `mapel`
  MODIFY `id` int(11) NOT NULL AUTO_INCREMENT, AUTO_INCREMENT=10;

--
-- AUTO_INCREMENT untuk tabel `mapel_siswa`
--
ALTER TABLE `mapel_siswa`
  MODIFY `id` int(11) NOT NULL AUTO_INCREMENT, AUTO_INCREMENT=57;

--
-- AUTO_INCREMENT untuk tabel `migrations`
--
ALTER TABLE `migrations`
  MODIFY `id` int(10) UNSIGNED NOT NULL AUTO_INCREMENT, AUTO_INCREMENT=4;

--
-- AUTO_INCREMENT untuk tabel `posts`
--
ALTER TABLE `posts`
  MODIFY `id` int(11) NOT NULL AUTO_INCREMENT, AUTO_INCREMENT=9;

--
-- AUTO_INCREMENT untuk tabel `siswa`
--
ALTER TABLE `siswa`
  MODIFY `id` bigint(20) UNSIGNED NOT NULL AUTO_INCREMENT, AUTO_INCREMENT=1035;

--
-- AUTO_INCREMENT untuk tabel `users`
--
ALTER TABLE `users`
  MODIFY `id` bigint(20) UNSIGNED NOT NULL AUTO_INCREMENT, AUTO_INCREMENT=19;
COMMIT;

/*!40101 SET CHARACTER_SET_CLIENT=@OLD_CHARACTER_SET_CLIENT */;
/*!40101 SET CHARACTER_SET_RESULTS=@OLD_CHARACTER_SET_RESULTS */;
/*!40101 SET COLLATION_CONNECTION=@OLD_COLLATION_CONNECTION */;
